accession	label	length	mean_perplexity	mean_perplexity_elbo
A0A1L4BKS3	viral	485	14.918166339606056	12.496083289908237
P00573	viral	883	16.261604003875444	15.027331882664289
P03015	viral	193	5.534835203917909	4.791868065615488
P03630	viral	128	16.32725445535801	16.105000829750566
P03631	viral	513	18.410127893155405	17.691324652143894
P03639	viral	91	15.74799293696724	15.259899046757583
P03685	viral	104	15.996585400760148	15.347361666770375
P03705	viral	107	15.339377624237246	14.287335047712311
P04392	viral	259	13.688556717626149	11.651709587579344
P04418	viral	138	17.641175615228367	16.385146654024958
P04531	viral	241	16.22647312782822	15.084442694465967
P06229	viral	291	15.313264121729556	13.866371188050522
P09385	viral	319	17.028736854241824	16.54521994750897
P11014	viral	332	17.7197044311853	17.109065028935138
P13520	viral	586	14.20572295386382	11.869618760062863
P26747	viral	430	17.14650915676557	16.61684873469293
P46085	viral	623	15.951119343620975	15.662365858097106
Q8LTE2	viral	420	17.588470374378176	17.65320464030383
Q9XJP3	viral	623	14.486780496497682	11.934617286491418
M5AAG8	viral	718	15.379086002616534	13.909919542351012
P00588	viral	567	17.28598188588494	16.691670512025986
P00971	viral	374	17.645948617578117	17.286760466039542
P03615	viral	133	16.24960337191111	15.409144741675334
P03706	viral	158	17.305811006924216	16.647495875546472
P06022	viral	140	16.585711054777544	15.065721095211972
P08557	viral	495	15.487480842080709	14.72738288865666
P10310	viral	586	16.863870318981135	15.502649109175763
P13314	viral	88	17.144659305753105	16.7140051564929
P16517	viral	130	15.640151953175856	15.122691252644485
P17312	viral	610	15.415094230121104	14.282588779242799
P69179	viral	89	14.144344841665578	13.216159139770644
Q37875	viral	185	18.92197899344873	18.508587649685253
Q37935	viral	60	16.90966456444604	16.49856772745057
Q7Y3F1	viral	465	17.4953631647035	16.644986522736765
Q7Y3F3	viral	72	15.16555715053854	14.037315085140383
A0A068Q5Q5	viral	651	16.169292350668208	14.813877690836154
A4ZFB2	viral	206	12.178568952248526	10.53422789209834
P00581	viral	704	16.306280594234924	13.67012150596316
P03612	viral	130	16.972152286055163	16.747940436483912
P03656	viral	348	17.093016673175672	16.280326614165283
P03679	viral	86	17.675837015753267	16.910230640204315
P03680	viral	575	17.28526475602958	15.133187877000049
P03763	viral	312	9.600644840469215	8.144321188065613
P06019	viral	196	17.574590212579416	16.35684145456597
P06807	viral	212	17.643697244753554	17.287242426327165
P07636	viral	663	13.292472648512621	11.514447820350945
P0DPR0	viral	286	15.97771622479254	14.363030258206866
P11124	viral	665	18.184911856533773	17.826088178615937
P13304	viral	97	17.954113067798296	16.8909964431419
P13342	viral	217	16.760585516162937	16.905973945632343
P14647	viral	589	16.859582088059103	15.794696961885691
P20345	viral	854	15.03869976536332	13.130359028932375
P49714	viral	811	17.519414949584537	16.188234961040493
P49861	viral	385	16.930065283009217	16.409454629543553
P69539	viral	73	12.421448125976559	10.947532008657786
Q06259	viral	126	11.131952102673653	9.718765539065952
Q6QGP4	viral	250	17.388457555458345	16.677360615677028
Q8HA43	viral	443	15.331116572754519	13.04379780840013
Q9ZX29	viral	76	7.574607113773124	6.327825612556039
B3FK34	viral	315	17.6504560984081	16.809265346236543
P00720	viral	164	16.98146384249513	16.053698600300216
P00806	viral	151	13.882581650947362	11.561387629942205
P07071	viral	605	17.939620927741686	17.208894655957774
P0DXF1	viral	502	15.705376874229582	13.86885664153257
P12528	viral	667	15.764565837461763	14.532265271222201
P15057	viral	339	11.234895337014082	9.63560075944595
P32277	viral	334	17.60197797528336	16.996331912404315
P39421	viral	200	18.20663485831929	17.851235627460905
P54308	viral	422	14.987334745847242	13.407494621486848
P69168	viral	424	15.187807278806169	13.985311744157407
Q38087	viral	903	16.41331503307909	15.79942109507727
Q8SD18	viral	260	13.768378323892799	10.810375608795761
Q9T1V4	viral	197	16.014047658362664	13.741488392333878
B8QIR1	viral	481	17.168118919056923	15.618431265200913
D1L2X1	viral	576	16.352808700134904	14.742837961152029
P03661	viral	424	15.582233766855005	13.841301848490643
P03681	viral	266	16.66783696834857	16.234714950952508
P03692	viral	566	13.157152218474002	11.27095763899211
P03707	viral	181	14.6548708343679	13.209540718405995
P03708	viral	641	11.22532134310876	9.914336245420577
P03711	viral	439	9.53366223343153	8.656111176965958
P04415	viral	898	17.340761808928857	16.186163668197203
P04524	viral	185	16.852805646024176	15.860789443149102
P15879	viral	251	16.506303285706974	15.852893733437044
P16009	viral	575	16.083340747462877	15.10702504918231
P26745	viral	499	17.93467584158227	16.930464789385358
P27380	viral	265	11.858133759855853	10.178376997305692
P39423	viral	207	17.39351880454991	16.976933232488435
Q06253	viral	73	11.818807344103753	10.459360126388532
Q6QGD8	viral	458	15.47106645758223	14.960372570928179
Q6Y7T6	viral	495	16.741073877952914	14.921362960390399
Q9MCT1	viral	504	13.000428272904639	9.969764525180446
K9L8K6	viral	883	14.196491339095285	13.312594041317787
O09496	viral	632	14.48646056887664	13.311520265972877
P00276	viral	87	16.804086159150206	14.81607072405552
P03034	viral	237	11.18079377629093	9.61273134218424
P03657	viral	348	16.636782070148453	15.0164898331535
P03694	viral	586	16.801717369628424	15.196604313554293
P03712	viral	110	16.64622149628831	16.744891712891594
P04332	viral	309	17.922919447609168	18.170046235137516
P07065	viral	442	14.708602152453196	13.159501788651667
P08558	viral	379	14.952616355024361	12.79839101593678
P10277	viral	777	10.700477624771436	8.680472654855466
P12427	viral	259	13.651143609275362	11.80582858890696
P13559	viral	149	17.970401275427953	16.90642044243981
P19894	viral	572	17.272674279315535	16.317920871412507
P36693	viral	642	14.00225170426766	12.257234075259142
P69169	viral	424	15.786047253205835	14.85103647500579
Q6QGD7	viral	210	17.610417572428922	17.189011869574077
Q77WJ4	viral	305	17.76289037486318	17.24888862722886
A0A345MJY6	viral	256	15.19713885070866	13.470888417753343
A0A7U3TCA2	viral	175	16.511241838718817	14.732950761901044
A4ZFB3	viral	324	17.66662432746428	17.19005360297293
O80297	viral	460	15.855216588598939	14.9523810571774
P00814	viral	188	13.17399080915772	11.052510513661316
P00969	viral	359	18.519721241315313	17.802708723250984
P00970	viral	487	17.2657116842446	17.032769048548783
P03040	viral	66	15.960705487227772	15.609849487052129
P03633	viral	120	18.79975628617578	17.94217885612698
P03663	viral	434	15.714027678184998	14.505472943521792
P03682	viral	125	18.259305854546245	18.05813141903752
P03700	viral	356	12.400997134707096	10.609962363842072
P04526	viral	319	12.126048637046047	10.340064905720043
P04530	viral	475	15.427706083818666	14.15579558216515
P06020	viral	75	10.324641039724971	7.482308300790413
P06855	viral	301	15.712130431269	13.224786070794401
P07059	viral	136	15.633697955511073	14.386381902403402
P08026	viral	315	16.75909705520201	16.480602930734683
P09009	viral	259	15.684861219360055	14.745104046657644
P11125	viral	332	16.939436254535675	17.090202399695574
P13334	viral	524	17.801312965345744	17.151213271959634
P13771	viral	312	11.822948615508698	9.722027487495508
P15132	viral	365	17.82802859588778	16.685966487244116
P16006	viral	193	14.319016686383529	13.645017018082601
P26744	viral	725	17.337265095946588	16.722685560247964
P54309	viral	503	16.757409410088748	16.03457149943712
P79678	viral	495	16.554543192028667	15.98881749330792
Q6QGD5	viral	403	17.464487410554526	16.5110294027082
Q6UAV6	viral	640	16.99467434111371	16.477642156685963
Q6XQ97	viral	133	13.441905226708691	12.604363087426407
Q716G6	viral	282	14.313617913134028	13.1837035105621
Q8SDC3	viral	327	16.975200293451312	16.191990904092762
D1L2X0	viral	869	15.762245164381973	13.854562943062414
G3FFN6	viral	343	18.088637304330785	16.44397555093293
M1EAS5	viral	749	14.964199038874055	13.83892406242734
O56788	viral	467	15.923984551679942	13.814561101383005
P03045	viral	107	16.744273708829216	16.428558078960844
P03621	viral	82	12.64961738268667	10.947994075552106
P03695	viral	301	16.644108364362065	16.239135901791492
P03710	viral	533	17.670325424620035	17.181218453565585
P06018	viral	241	18.506503006777873	18.5614188296717
P06808	viral	218	17.460125514217495	17.156318604396013
P08763	viral	646	10.51207762346476	8.877925633917132
P10928	viral	602	16.858560357983226	16.096340714115943
P13340	viral	157	15.735651318467132	14.880899063684534
P19385	viral	342	16.12583979909514	13.69636954240783
P32282	viral	754	16.66017437407488	15.342249535035934
P35837	viral	233	13.172545271337292	11.80541447425486
D6QY02	viral	495	17.179566014735308	15.118281921480355
P00726	viral	153	14.709110252667015	13.352895169448878
P03047	viral	207	18.17508294698609	17.502627913039518
P03736	viral	853	8.81196068507001	6.451744206201194
P03748	viral	553	15.114691452503092	12.96074494090137
P07582	viral	220	16.359059895714005	15.827127919779128
P09176	viral	516	13.469292899040108	11.852229319295732
P12726	viral	682	17.285101895707047	16.973345980437777
P13299	viral	245	14.844419213694119	12.927389201360805
P19726	viral	345	16.927272301783308	17.064909054601205
P19822	viral	855	15.840607705264867	13.952977358784741
P25478	viral	284	16.478326320843554	15.912390290471874
P69546	viral	410	17.67715421382339	17.57669372416217
Q6X3W5	viral	245	15.855248242223247	16.07977958698484
Q77WP1	viral	631	17.041107179490176	16.519116552293173
Q8SCY7	viral	270	18.752575981644014	18.086285384535362
Q9AYZ3	viral	233	14.978390578894698	13.792561750791256
Q9T1X2	viral	171	17.501393163935703	17.16104981977144
A0A2H5BHJ6	viral	387	18.299109497886143	17.620805015074435
B3VMP4	viral	280	15.692785518582838	14.850101299936433
B7SSM2	viral	572	17.120856628826672	15.442824737871483
H9C180	viral	116	16.21782320655206	15.138300766344525
O03979	viral	296	14.485337501929818	11.598841976835764
O48449	viral	264	14.704709165634286	13.265623544270618
P03610	viral	393	18.151450042090115	18.043017777480134
P03666	viral	426	10.431255935125876	9.743075398471897
P03738	viral	232	18.494146440381446	18.41611194840164
P04525	viral	228	17.11114089704828	16.617455043694594
P04535	viral	521	16.893742073406234	16.237310399636787
P04893	viral	162	17.980192524432606	17.801088250219646
P08764	viral	970	13.180701241888286	11.10721674713741
P08773	viral	246	18.642081543637733	18.443081712487654
P09386	viral	89	15.190363294251672	14.201063834840777
P10104	viral	487	14.881709239836141	12.892181895627713
P10149	viral	315	16.635493728540858	16.356674930682424
P13848	viral	98	15.064011623499916	14.419864536760029
P17172	viral	391	18.110212827136674	17.6913969983438
P20315	viral	566	14.438739381039731	12.526507301534918
P20331	viral	151	11.94846557614322	9.298381627204162
P22884	viral	371	9.386879682763087	8.268156817186854
P23848	viral	129	15.005872572924094	13.387837204910166
P23992	viral	160	17.696915118589644	16.63615494272652
P27360	viral	71	13.25815837789002	13.151528217026204
P31340	viral	211	11.052925998980532	8.778995501537526
Q331T7	viral	358	13.489711759598174	13.080308445158561
Q4ZD58	viral	486	16.189052413217777	14.600120734230316
Q6QGD2	viral	438	14.192578276728495	12.830194663877139
Q71AW2	viral	264	17.23342152157394	16.831318633551035
Q71TL0	viral	754	11.153325453972071	9.494893922353292
Q7LYX0	viral	284	18.104042044505917	17.212816327962262
Q8SDS7	viral	481	17.401559760593294	15.838206251548675
A0A1P8CWZ3	viral	295	17.261543017762808	16.456077230903148
A0A219YHC0	viral	792	15.540760524597957	13.9957184060189
A0A2H5BHG9	viral	203	18.016365600689547	16.92773536549377
A0A2L0V156	viral	194	17.051457458524794	15.149562399909644
A0A9Y1YY28	viral	400	16.635919978385317	16.058095518082183
A7XXC2	viral	409	17.37990138578276	16.950471613249228
D1L2Y9	viral	186	17.46530798324623	17.077225613104066
D3WAC1	viral	540	15.83622716587491	13.185581297568108
D3WAC5	viral	393	15.712155351834603	14.95328114783105
M1EAP5	viral	152	17.848614858447014	17.53165667072449
O48400	viral	77	16.152086968364642	16.16419174441716
O48448	viral	134	16.72280434078065	15.72075399491603
O55246	viral	95	16.947209074015777	16.26921854173305
O64191	viral	120	17.440695426039518	17.29737410705656
O64204	viral	141	14.40145599616056	13.665876112868087
O64301	viral	320	12.659424300678229	11.591543967065368
O80288	viral	167	17.18410456911155	16.739968243100126
O80299	viral	353	17.728363663783767	16.721226741005733
P03614	viral	130	17.331593460174485	16.74509508336494
P03660	viral	421	17.73903888334486	17.582245876048038
P03686	viral	166	15.436777308793925	15.416156694008752
P03688	viral	333	13.235785402416933	10.85907924736686
P03696	viral	232	16.109606467283214	14.73233281299715
P03732	viral	131	15.860416993838976	14.556594309381078
P03734	viral	140	17.800465331981243	17.11738183036162
P03781	viral	196	18.68901886009417	18.476605710222668
P04522	viral	560	12.158042917343018	9.974113067269297
P04529	viral	391	15.591091004998145	13.713959390426107
P04532	viral	80	13.416362579590784	12.6985901533876
P04533	viral	152	17.662175325593548	17.133081462025757
P04547	viral	351	16.395952377380027	14.844777815946454
P06225	viral	648	13.555713259822925	12.077054351324648
P06951	viral	266	17.024221779310256	16.333767644676495
P07606	viral	279	19.043073981593466	18.580656992597195
P07876	viral	260	13.482080022419316	12.438123948698973
P08231	viral	251	16.476955960244947	14.85586117560998
P11107	viral	450	14.906934066336719	13.278803773442656
P13332	viral	659	16.758920839520876	16.586843169026505
P13333	viral	163	18.4954080875139	18.08401859624181
P13339	viral	364	16.635061713512705	16.35570267594863
P15075	viral	150	17.045438020135418	15.937063899611795
P15316	viral	371	16.07063151967012	14.941059177669786
P15419	viral	344	18.182517178271087	17.803304255307083
P16117	viral	95	11.284029683994001	9.489728485437942
P16938	viral	475	18.29219394286359	17.84428126292047
P19060	viral	660	17.12886132720017	16.549161390803036
P22536	viral	340	14.076585307945482	13.337033773390377
P25426	viral	333	9.288269008196881	8.31877965122432
P32267	viral	90	15.508874911593612	14.687382259459019
P33486	viral	202	15.06659999430954	12.765745123315408
P36273	viral	501	12.105402971936838	9.957026113589459
P42540	viral	289	11.555973296488308	10.813441449880143
P46083	viral	146	14.495314121046516	12.745079878028841
P68930	viral	293	16.916199571876636	16.423253674366165
P69532	viral	112	14.594092509656257	14.957561104689702
Q00901	viral	244	16.57747465132467	15.366788084994406
Q09YD1	viral	71	17.059832309536667	16.245045058710893
Q38036	viral	117	17.841388398993864	17.66303749977228
Q38100	viral	131	17.811221752519547	17.18510859087143
Q38162	viral	77	16.396764387411896	16.65213485427619
Q38424	viral	698	17.48491308357774	17.269421517248524
Q38442	viral	308	16.768764535014387	15.931534007912166
Q38504	viral	124	15.895800745455539	15.278288359705028
Q38582	viral	324	17.163329167866497	16.385512201001756
Q6H952	viral	351	14.594711294090416	12.351888314956891
Q6R6U4	viral	227	17.267057651097804	16.89745794500743
Q8LTE1	viral	329	17.274061959131704	16.69886950154025
Q9T216	viral	244	18.085071716929267	17.715027515721903
Q9ZX92	viral	237	16.03576482900771	15.857269377933246
A0A0A8J8S8	viral	651	16.658023347060183	16.35849580255955
A0A0U3C9T3	viral	641	16.524553414080348	15.415797356391478
A0A0U3DL17	viral	793	14.091541971361265	12.186185556312276
A0A1C8HPQ3	viral	93	18.03884726719628	17.858308728369362
A0A385DT68	viral	806	16.770604623443507	16.888038468919596
A0A5P1KKQ4	viral	793	13.35762789479531	12.454077933284884
A0A7U3TBV6	viral	359	17.04713257580777	16.356733545440576
A0A868BQY3	viral	152	16.72891067402075	16.606296871420007
F8WQ30	viral	637	17.83625305057432	17.398174774202246
M1EBB2	viral	249	15.80439727357479	14.705899658477454
O21946	viral	113	17.144061322561743	16.551850853190256
O48446	viral	109	18.467268251134307	18.344705200540123
O55247	viral	440	16.958681897976746	16.231274285633443
O64235	viral	607	13.444138297642496	11.656517408534375
O64238	viral	235	17.039498307885147	16.862568564377277
P03042	viral	97	15.323082746040983	14.231222062175735
P03049	viral	83	11.66106256771994	10.869348812331172
P03634	viral	120	18.204475359068137	17.457021989899573
P03641	viral	427	18.881248756918776	18.462604639009285
P03646	viral	328	15.105612501032633	14.410092186863398
P03697	viral	226	13.844828857175706	12.087794294415257
P03714	viral	117	15.761457769291416	14.939113917041421
P03733	viral	246	15.401643161866948	14.487965674957058
P04331	viral	599	17.55106765181316	17.299933063246108
P04445	viral	99	8.695406299322832	7.2937818215625745
P06812	viral	266	16.92212337984943	16.089170839903385
P07075	viral	156	14.515881937231724	11.090690271192246
P08232	viral	251	16.392607884015955	14.875217425209879
P08320	viral	439	8.971512867313782	6.953782213846467
P09797	viral	302	16.719347577727	15.577146414882952
P09915	viral	503	10.779407310133498	9.745222122196731
P0DJY5	viral	177	17.58533278419817	16.860429893306645
P0DTD9	viral	438	17.5228404833679	17.17336672136939
P0DTN7	viral	907	16.04022115934891	14.344450275242364
P0DTN8	viral	907	16.656632214786484	15.661352204269248
P10439	viral	165	17.266588078456433	16.656762537179475
P10929	viral	219	16.943995926377056	16.834674540119785
P11126	viral	769	17.4553924080572	17.331012594016475
P11187	viral	258	11.175147984994053	9.812185716249093
P11188	viral	131	16.32543855754022	15.630105661275392
P13319	viral	305	16.315828237444375	15.060874072132133
P13331	viral	176	17.947129459247268	17.86340919271159
P13849	viral	448	17.02805343178265	16.059240013210495
P15418	viral	365	16.78687798124865	15.404079639699116
P27378	viral	591	17.682425496348323	17.29169550564344
P37317	viral	385	6.172872158758918	5.796860974226266
P41064	viral	694	14.468940489001126	11.711325127725228
P49859	viral	424	17.627494407488733	16.78726471775324
P51719	viral	298	16.98389895994527	16.39257894969115
P54307	viral	147	11.470853905268177	10.079010141062497
P68928	viral	145	11.164893892967198	8.806072001433856
P69542	viral	87	17.18370293862882	16.37472782725083
P69545	viral	410	17.458764501362396	16.814297285644372
P85500	viral	667	16.04747893366642	15.737688164168162
P85501	viral	917	9.050867198023644	8.243234889713262
Q05259	viral	243	16.904398037885592	16.529009454827353
Q37873	viral	120	18.19045525666556	16.971575669129024
Q37886	viral	100	16.595310390003256	16.165207850776586
Q37896	viral	263	11.582058181698422	10.098335868899634
Q37975	viral	96	14.02065454379926	13.27131847193976
Q38061	viral	449	17.72160955669484	17.735674957637144
Q38156	viral	238	18.485305083916924	18.466999342897484
Q38361	viral	374	7.498339883173807	6.63213473288908
Q38433	viral	698	17.394117216230306	17.338501059630133
Q6QGD6	viral	164	12.829201232751183	11.46469284624844
Q6QGJ5	viral	279	18.597453482806458	18.421400448810374
Q6QGP7	viral	137	16.867584184622775	16.28940425438607
Q6XQ98	viral	162	17.454498887168917	16.906194640909057
Q7Y2D9	viral	816	15.571519725688148	14.649785085244408
Q853W0	viral	282	15.82648155914625	14.617642640888135
Q8SD42	viral	747	17.513329169317608	17.26269961622624
Q8W5V1	viral	617	17.125413846465587	16.494648937843735
Q9G0B4	viral	259	15.814053614206639	14.800619371713653
Q9LBR5	viral	623	16.21882348879722	15.664428252056764
Q9MCC1	viral	301	17.18643729174393	16.662239115994595
Q9MCD0	viral	170	16.305896241022033	15.7674342238195
Q9MCN8	viral	120	16.503576384521022	15.641298430408572
Q9T1T5	viral	146	17.42435546445323	16.443011271244224
Q9T1W1	viral	305	18.272470495195602	18.312435565373544
Q9ZXB7	viral	177	17.252797711690278	16.54608439165465
A0A2H5BHG5	viral	385	19.031391671534927	18.706991751221757
A0A2L0V130	viral	367	17.73737474169245	17.249862015344316
A0A385DV85	viral	842	16.27877552893063	15.462125126964196
A0A3T0ZBY1	viral	792	14.612795406755156	13.216178094575511
D1L2W4	viral	192	17.882868225277527	17.219572335706086
D3WAD3	viral	298	17.502033561874594	17.243536486302055
E5EYS5	viral	150	18.304617631081584	17.956739480593875
O21945	viral	117	17.72738243566547	17.731774584673946
O64333	viral	243	15.70199320273304	13.153778509806898
O64362	viral	178	18.38646295295623	18.394997942372193
O80292	viral	167	17.767971985686458	17.551072054407722
O80302	viral	322	18.324082239806167	17.902624043165613
P00471	viral	286	18.477215323545988	17.90158827026048
P00513	viral	359	17.78909000346323	17.25383696587306
P00641	viral	149	15.305087828809805	12.63380032040554
P03006	viral	458	10.285277464096254	8.325541960645772
P03620	viral	82	13.91531327582132	12.752613278092873
P03624	viral	483	15.613646175638427	14.885954322961926
P03665	viral	426	10.087091635910424	9.211410709271771
P03699	viral	72	15.363025629770153	14.15970060062625
P03729	viral	199	13.390715968955176	11.029369920549941
P03772	viral	221	11.963442002647948	10.115249166998312
P03775	viral	117	16.92417518134971	15.573714290792323
P04519	viral	400	17.154619985987175	16.128191597688797
P04520	viral	342	16.690029749930385	14.637737637706394
P04521	viral	339	15.963498486411485	14.374742205873229
P06956	viral	343	12.859621312154383	11.163738672670116
P07535	viral	309	17.99045098179661	18.307450585915905
P07537	viral	854	14.845626242318666	13.8201934503815
P07540	viral	258	11.056205703977499	9.363043601355923
P07693	viral	152	18.62114867360603	18.77223491566527
P07717	viral	346	18.051851996370928	17.569619037095705
P09425	viral	132	16.73236481230506	16.374427030236134
P0DTK6	viral	291	18.266586283414927	17.75807146658748
P0DTL7	viral	113	15.656592231069505	14.510822948275596
P10311	viral	186	5.650230497119227	4.644762744967479
P10479	viral	553	17.662726417867535	16.474483834686676
P10930	viral	527	14.71886193447563	13.247184601613519
P11109	viral	612	13.478780510258582	12.08285007842293
P11156	viral	388	17.970359076795678	17.31161745783793
P18056	viral	376	12.053240556669458	10.85485108952364
P19062	viral	334	19.11838786925579	18.91596433496921
P19896	viral	427	16.85698061584704	16.659768555264236
P20709	viral	354	10.873852575057516	9.287855804759802
P22535	viral	395	16.76767298818091	16.252829668225722
P27077	viral	380	13.482125353590567	12.040387412997623
P30314	viral	924	14.619845981944033	12.460103607967929
P36932	viral	337	9.844716150658181	7.809151807234849
P39504	viral	117	14.688648283769052	13.633796779783664
P41063	viral	146	17.295925312928272	16.3145892724272
P57020	viral	207	17.7356937335882	16.531612237514327
P62692	viral	226	18.538982196594016	18.015102624304063
P69202	viral	216	8.689582015862433	6.832027865344361
P79679	viral	118	17.527774065072535	16.967022039133905
Q01076	viral	471	14.929132964242253	13.242125825983283
Q05254	viral	595	14.16318155173339	12.05581285872363
Q05262	viral	682	16.961691002704125	15.867126735874786
Q38199	viral	197	5.765939508288742	4.819650007475118
Q38494	viral	183	17.558655759392334	17.07893676004808
Q38581	viral	64	12.924938014873677	10.984705001133557
Q3T4L9	viral	117	17.22653413453182	16.554846571586477
Q6QGE1	viral	161	18.131795140110203	17.794247474085143
Q6QGE2	viral	464	16.512158954961013	15.534468767679423
Q6QGE9	viral	949	16.81690173620583	16.05615351767077
Q6WHE1	viral	514	16.670158926762564	16.26971060998666
Q7Y4Y9	viral	244	15.99957737923079	14.25392456050019
Q856K7	viral	284	16.394193349247214	15.094548437898217
Q9LBR4	viral	146	15.004578421688535	12.493130000516164
Q9MBW4	viral	161	16.62870417195682	16.228764920908787
Q9T1V0	viral	504	15.411302894979807	13.631430030654746
Q9T1V1	viral	180	17.75908582105366	17.83534816366488
Q9T1W5	viral	512	17.350370313464612	17.198540638474487
A0A0A8JA06	viral	779	15.840808240932459	14.733595956624672
A0A8G1LR08	viral	257	13.90384532938314	12.496247704201503
A7XXB7	viral	485	14.666596367547589	13.170377597389367
B3FIW8	viral	631	17.184883136372363	17.009892015876677
B6V311	viral	89	18.254716689871792	17.097470320311835
C0HM52	viral	395	14.177789254272625	13.767905423790209
D1L2U8	viral	151	12.541168835966158	10.85312900231162
D1L302	viral	630	16.03689374598639	15.089054234206394
E1XTK6	viral	411	19.446023793775268	19.327110251006218
F8SJR0	viral	315	16.53112881953009	15.862073375618305
H9C181	viral	92	17.570760736488726	17.576387551858367
I7K316	viral	153	18.004864975009173	17.30759455865952
O48472	viral	82	17.15651979196383	17.2119323229106
O48500	viral	148	16.120523971695736	14.953048214824292
O64205	viral	254	17.146206748579463	15.549575727731552
O64332	viral	251	18.462952292077606	17.35466537098176
P03616	viral	131	17.51115445660419	17.428517408429002
P03627	viral	278	17.866271530854394	16.766017754177486
P03643	viral	175	17.522506675872062	17.60672035683011
P03655	viral	348	16.145379298499087	14.936298892360789
P03658	viral	365	17.44240331897707	16.609704456758642
P03667	viral	437	10.800725672463294	9.706796046272128
P03689	viral	233	17.112110361096367	15.927804424424789
P03709	viral	132	14.969067459960545	14.412233262487495
P03725	viral	747	15.529456715854094	14.795752483194567
P03728	viral	536	16.651993352722904	16.432324696096657
P03764	viral	774	5.622871730746337	4.080074615729756
P04382	viral	193	16.124882323611335	14.411044498552084
P04527	viral	187	17.01632718015	16.522704444371136
P06155	viral	402	11.736175510371567	10.287234698715837
P06950	viral	572	17.413794931947866	16.60752642973922
P06955	viral	96	16.472573444850454	15.999389491133075
P07538	viral	365	17.759307275163987	16.251878987472317
P07539	viral	131	16.104601515931773	13.965376717515857
P07659	viral	884	17.165302112439132	16.100923080716438
P08233	viral	266	15.603681780377702	15.159890431471009
P08386	viral	130	16.02708347530554	15.595779852639518
P0DOE3	viral	378	16.016371321710942	15.449963375719085
P0DTK3	viral	351	17.892714296795482	17.643125342587044
P0DW57	viral	142	18.82547742373883	18.771571497200515
P11128	viral	168	11.572572724378915	10.293139376204595
P13338	viral	112	16.040728800808743	15.760066778313387
P15415	viral	434	16.968469125808863	15.406657406714114
P15416	viral	84	12.98329783228405	11.323142196307217
P16011	viral	196	17.84103790121424	17.297823387343335
P16407	viral	357	11.715338076242501	10.036071970275511
P19088	viral	487	17.416629807796678	17.23936510499326
P19727	viral	398	16.149456192336906	15.937005080428623
P19728	viral	433	15.365376953411603	14.807059582754642
P20311	viral	704	15.31412773012853	13.622935445261582
P25129	viral	437	13.93914127488884	11.894804460211452
P25131	viral	424	16.36456266360893	15.49088635156725
P27381	viral	227	16.796223241178957	15.563372546053728
P27753	viral	494	15.995863247845751	13.467396016684214
P31278	viral	117	17.967257466881218	17.816660628403223
P39234	viral	97	18.385691386277514	18.600008714054287
P51715	viral	173	19.78792648359051	19.373664252349943
P51728	viral	186	17.809455702629883	17.00949623699508
P68802	viral	163	14.3899201821527	13.531475908225893
P68920	viral	177	16.749587126950537	16.398860396217387
P69547	viral	410	17.667044955617456	17.333018381055638
Q01074	viral	229	12.00784173604753	10.776661380867484
Q01267	viral	361	15.012407667661682	14.228139637999284
Q0QZ08	viral	351	14.297959502974388	12.884994241735736
Q331T6	viral	81	13.683608482324342	11.803870558249558
Q331T8	viral	239	13.526419147198698	11.419751310891286
Q37883	viral	266	16.960754317656992	16.78162234869908
Q37893	viral	860	16.283947861575832	15.137646311735061
Q37894	viral	365	17.372584165439516	15.602682991211513
Q37972	viral	367	13.23284504172982	12.527420919509114
Q38067	viral	333	9.125949058888166	7.730332088605127
Q38621	viral	62	16.770412927840095	15.808076296163794
Q3ZFI3	viral	151	13.306382967535546	10.766684243943386
Q6H956	viral	351	13.84205942105207	12.881942653006295
Q6QGE8	viral	204	16.968131864038867	16.66796786942634
Q6QGH9	viral	928	17.46282455810005	16.40932463115152
Q6QGS2	viral	114	17.916657078341935	17.403330029136676
Q6WHI1	viral	151	17.86141936916838	17.482799352927533
Q6WI70	viral	850	16.574202000948656	15.643885195206728
Q775D6	viral	381	16.18632466176446	15.554970055737677
Q7Y2C9	viral	898	15.461409962413702	14.705951576217496
Q9MBY2	viral	108	17.399529408015912	17.041254860518325
Q9T1U9	viral	175	15.601883843498166	13.961425328889
Q9T1V2	viral	360	16.578109749403822	13.791319428616498
Q9T1V3	viral	145	16.332765363454744	15.899749398697965
A0A142F121	viral	651	16.287166365035137	15.313915307050783
A0A2H5BHJ5	viral	624	16.128694499760893	14.463642574867853
D3KFX4	viral	375	17.91318968173162	17.744049346819537
D9ICP2	viral	173	17.28811330828222	17.421390295280716
E3SEW0	viral	151	17.50019794981135	17.551487753371607
O21970	viral	639	16.412367091087773	15.399859543975433
O64131	viral	224	9.677070802565712	7.801294223567562
O64174	viral	329	17.991664504086593	17.23008681017174
O64203	viral	493	16.87133295325275	16.311402514560328
O64328	viral	140	16.681966052086064	16.573490358269027
P00476	viral	439	11.694919073684822	9.697159087575317
P03619	viral	74	11.644893698025125	9.847797675357567
P03702	viral	138	18.29188742252313	17.677575996178195
P03713	viral	341	17.926141283779	17.55892711876856
P03735	viral	279	17.659545750405016	17.274280804541913
P03742	viral	372	16.748411586267192	16.070710992692103
P04890	viral	387	10.654249027201134	8.702653200259986
P06023	viral	174	16.273683468801963	15.439438032243116
P06723	viral	336	8.884036706564736	7.533470954861471
P07929	viral	120	18.61283719044473	18.444072238098013
P08794	viral	245	18.561516083268337	18.247049399109542
P09035	viral	302	16.285078925642168	15.59487439830003
P09962	viral	108	15.719697520932453	14.784350965727489
P09963	viral	146	15.993377587807668	15.198587380912961
P0DJY6	viral	328	17.22425735892868	15.01002486306571
P0DOK7	viral	62	16.76732527539474	16.10367272320484
P0DTK4	viral	664	14.354839911209066	12.429793661161982
P0DTL0	viral	257	14.479151663143815	13.205706081267365
P10927	viral	288	16.905556784710452	16.3957935683935
P11112	viral	272	18.540528128517128	18.587331482835125
P13341	viral	320	17.32607840335425	17.146236553093058
P15853	viral	130	15.572563202266393	14.700189442669934
P17309	viral	82	16.39378340850198	16.121884513566073
P17311	viral	164	17.97621660678945	17.597511323159896
P18147	viral	906	16.77482397840162	15.20176043302876
P19386	viral	339	15.221992985245214	11.126956934226474
P21442	viral	337	9.925247598935988	8.368673615284182
P23207	viral	640	17.65518341482863	17.588678499839443
P23541	viral	135	15.176018392112816	13.35995968952756
P26746	viral	166	17.282758490915636	16.43730795469836
P27078	viral	356	12.663973375066663	10.276582578807725
P27358	viral	153	15.180714002598057	14.029293048871258
P27359	viral	165	16.6760998199181	15.41035967266402
P27391	viral	84	18.075854161804518	18.284683843278167
P31654	viral	383	18.049020326084168	17.615648543588982
P32270	viral	439	13.438660045006497	11.70030793648314
P39230	viral	97	15.869598244166246	14.128893795117772
P39232	viral	60	19.146563922133904	18.481024204171277
P51771	viral	165	17.277672247128795	16.692712667405317
P68580	viral	705	7.8316201870001345	7.403527721507752
P68586	viral	443	12.243861422686859	10.394948127592206
P69486	viral	152	17.392969130323227	16.981946363046024
P69541	viral	73	11.7440351711718	10.279171538262567
Q02582	viral	207	17.77680807133645	17.029808656233342
Q37882	viral	572	17.399664300448382	15.745817649348647
Q37895	viral	132	16.293368254315887	14.792127220509695
Q38042	viral	187	17.111588062485534	16.35169826644516
Q38617	viral	346	16.82954324993599	15.653609157133596
Q6JM09	viral	119	16.017662216459396	14.765545206063363
Q6QGT3	viral	556	17.992076432355393	17.62091449411134
Q7Y2C0	viral	160	17.263538616054614	17.14720043723697
Q7Y4H2	viral	353	16.30209651353609	15.071106001388602
Q9MCT0	viral	112	16.913943889379794	16.678458464529122
Q9T1Q3	viral	993	16.89497173288415	15.495721378555444
Q9T1W6	viral	551	15.603446255838557	14.186263104790575
A0A1L4BKP6	viral	171	15.336475941098717	15.073166303831883
A0A385DTC5	viral	97	16.4170848945985	15.923870894046464
A0A385DVU6	viral	504	18.461028077474335	18.218003885873937
A0A3S5IBH4	viral	820	16.54676518605315	15.245821779271774
A0A3T0ZBZ8	viral	850	15.211421395538363	13.975853388031968
A0A516KNH9	viral	259	14.01245668553072	12.797725162694105
A0A7U3TBV3	viral	105	13.8611563868699	12.557067459921438
A0AAE9G628	viral	264	16.183501084084597	15.149691264027576
A7XXB6	viral	171	15.354124718567375	14.679220913514744
A8E264	viral	574	17.173965988311778	16.611977465959
A9CRA7	viral	274	16.58980011159506	16.01941508288932
B6UL32	viral	128	17.13904802373549	16.385666858213042
B6V2P4	viral	571	16.160848285131365	15.372056752203655
C9DG08	viral	261	17.2769500663711	16.73791031323591
O03978	viral	74	13.865133018967812	12.871042618570018
O21877	viral	112	18.601599808878724	18.57527706295205
O21878	viral	121	17.997351249814223	17.606760032081034
O21880	viral	91	16.81955234577481	16.749091657537917
O21883	viral	298	17.160366320235173	16.95839713614811
O22008	viral	120	10.855299766125658	9.447332781632737
O64076	viral	839	17.131284171602715	16.71101093763202
O64209	viral	173	13.142739311815992	11.307386238678651
O64252	viral	278	11.129597577031838	10.33808865949706
O64313	viral	91	15.621377487791037	15.384481704191336
O64322	viral	341	17.6862441123336	17.522916258164237
O64326	viral	132	16.599748680624494	15.218873467295763
O64331	viral	115	17.230636713856995	17.065046401524583
O64334	viral	192	16.42415755266006	16.286381099912674
O80294	viral	96	17.518380529836588	16.653735710732025
P00638	viral	300	17.44061687714046	16.10694535105349
P03043	viral	97	16.296389104835097	14.914397284837348
P03044	viral	54	18.033637419643377	17.020961989585636
P03625	viral	93	13.40006723943779	12.964751177171866
P03644	viral	177	17.147280518137066	17.23889516352599
P03670	viral	88	17.412549441176395	17.057237090346508
P03704	viral	64	16.954185392602753	16.780051243228787
P03737	viral	109	17.989416199717514	17.3867325159937
P03740	viral	194	14.766822631503738	12.601486417449662
P03802	viral	67	15.686197416879404	14.926805981674342
P05460	viral	190	16.658196264486396	16.260121767363636
P05481	viral	341	17.95357526103422	18.37298513637278
P06948	viral	56	16.25113629724355	15.624815030122303
P06949	viral	97	17.539892783739678	16.65450587384646
P06952	viral	125	18.60845991566545	18.640108283480412
P07393	viral	532	17.271756919066608	15.756097190501517
P07394	viral	390	17.888710694994224	17.47223470218656
P07531	viral	448	17.028130784555284	16.370209333889616
P07533	viral	98	14.551533491624294	13.313306429545808
P07695	viral	91	15.907013665102841	13.878038184776122
P07875	viral	262	14.083720006507702	12.61325446894375
P07879	viral	129	17.763796178552926	17.72470049154512
P07932	viral	175	17.544881461554247	17.553083863780458
P07933	viral	328	14.032796187352634	13.30842196249997
P08389	viral	174	15.292716975905755	15.280065047807437
P08795	viral	148	15.968533978774165	15.772984632460794
P0DJZ3	viral	89	14.60040813366431	13.346003403562005
P10305	viral	147	15.063643857365793	14.334960811473923
P10308	viral	557	14.274103567746293	12.785443814742296
P13302	viral	193	17.119213642374504	16.622913851082036
P13310	viral	115	15.616831019080138	14.630266400953971
P13320	viral	89	15.111031986835036	14.490974643911207
P13870	viral	229	17.766626244602005	17.62773927601504
P14113	viral	64	17.186328265501537	17.060948848695784
P15556	viral	151	18.02167753727047	16.78397001661826
P15794	viral	269	17.60821823517792	17.552500223881875
P15850	viral	153	14.999971948325994	14.464393435793239
P17637	viral	160	14.191140482224203	13.564314190551055
P19189	viral	399	15.986610854401148	14.66823923208459
P19193	viral	263	15.530677895936329	14.028164435416018
P21679	viral	389	11.37056838811935	9.55023849693808
P25475	viral	169	17.38897613671589	17.119534209803835
P27392	viral	117	15.99464197294961	14.819251285610138
P28813	viral	397	16.477132763498204	15.660043840366049
P32276	viral	152	17.592488746044662	17.876899131720002
P39510	viral	92	16.565029132090412	16.39128595411554
P51704	viral	191	15.639937372973575	13.18550463205352
P51772	viral	67	13.594367596115386	10.168989262527822
P57022	viral	310	7.4344912686749005	5.678964654372621
P68650	viral	342	17.849354073965706	17.86451624537805
P68654	viral	182	14.496186583089177	13.015392100216527
P68662	viral	96	17.210657410057582	16.97326010231243
P68924	viral	279	16.874652791909526	16.495519476083352
P69170	viral	129	18.201434582207366	18.24789587805162
P69702	viral	122	17.948712967350854	16.93080361797954
P79677	viral	67	14.421020361322674	13.282306659320774
P85225	viral	569	16.625946890163263	16.366250167001425
P85227	viral	181	17.77594533901256	17.514188817208503
P85228	viral	147	15.654583116787222	15.293363096480226
P85989	viral	441	17.545833680446105	17.375646407154264
P85991	viral	258	11.633670964715131	9.809820484087648
Q05223	viral	326	17.53321998521373	17.02670180734077
Q05231	viral	132	14.88200166855001	14.440222515951652
Q05328	viral	254	16.93815990391332	15.869599686793302
Q37884	viral	125	19.368215895355995	19.893751043862775
Q37885	viral	122	15.451569308592315	15.302584070479595
Q37890	viral	598	17.651139636977096	17.21942294091016
Q37891	viral	308	18.156438344443824	17.929598221047062
Q37993	viral	365	17.627324912049787	17.16558938745865
Q38167	viral	244	17.750021394162268	16.069793548208384
Q38492	viral	100	15.296175530202643	14.011204760792252
Q38580	viral	214	11.763596194373882	8.94932311991392
Q38584	viral	102	17.215284308390974	16.97904452270991
Q4Z971	viral	74	14.810237631984284	13.899380438159872
Q58MU6	viral	233	17.78010302336749	17.780041367678393
Q6QGE0	viral	255	16.648382413284224	16.50859789551506
Q6QGF0	viral	688	16.593983850768563	15.673797377855779
Q6QGM3	viral	194	13.860043834506218	11.737932346735729
Q6WHH0	viral	423	17.897230212221643	17.667646508073613
Q6WI88	viral	298	17.494198173951943	17.30002090647581
Q853F7	viral	581	16.93434222543656	16.60996160479524
Q9T1S4	viral	423	17.732061413041375	17.396192866171123
Q9T1W7	viral	191	15.962992399253446	14.681502732996707
Q9XJG4	viral	162	5.864637203015612	4.536594720683303
Q9XJR1	viral	127	17.930696756018673	17.397376265799792
Q9XJR5	viral	75	13.854574214311166	12.949235538676271
Q9XJS3	viral	634	13.739474294741585	12.009191905812205
A0A0S0N8M3	viral	286	13.881529273000528	12.906166805046594
A0A2L0V161	viral	290	16.171281369118834	15.136967974982127
A0A385DTA3	viral	104	19.49186582127633	19.337358308718887
A0A385DVC3	viral	238	16.906903643109697	16.779348317994838
A0A385DVM6	viral	114	18.335482750077	18.40517204443083
A0A385DVT8	viral	534	16.330798046646024	15.330195755622603
A4ZFA6	viral	146	12.837826021146174	11.362742912277593
B0ZSF2	viral	518	18.022224958419486	17.25000014359118
B4YNE6	viral	310	10.327994384518435	8.87492354217298
B7SSM6	viral	100	16.457695743861578	15.63815523512404
C9DGK1	viral	357	18.276530802560092	17.851647737212936
D3WAC2	viral	94	11.921924584762	9.064566632230322
D3WAC7	viral	104	17.227351060679222	17.36114649333831
D6RRG1	viral	351	18.85881998853585	18.42664491728197
E1XTG9	viral	631	16.889034613880792	16.621340482892055
O21956	viral	50	15.79061083606909	15.676063164680102
O21957	viral	50	17.078177272650436	17.12713294097241
O22001	viral	56	6.585170418141823	5.653517700965024
O64094	viral	386	16.17252776431942	15.701373608238686
O64319	viral	530	17.85596212775818	17.28972006881708
O80164	viral	228	16.45133388115632	15.253432473530214
P03648	viral	103	13.556451233862195	13.015522721073543
P03668	viral	430	11.972951011905735	10.114804405899108
P03672	viral	78	18.560885291070335	18.547059642824625
P03674	viral	116	14.897952198208705	14.470001788962177
P03683	viral	66	17.534879643982258	18.500776117043213
P03693	viral	89	16.349821676809558	16.472667612010568
P03698	viral	261	18.097530717191145	16.921043794175027
P03718	viral	95	15.430190788553663	15.053182478757286
P03746	viral	196	17.42778025374863	16.98146047469547
P03751	viral	99	13.136873678503136	12.505417738279743
P03785	viral	89	17.08586282028047	16.28122828999387
P03788	viral	83	15.782956762522966	14.274846783433004
P03801	viral	88	16.001956241112012	15.192217391640042
P04538	viral	141	15.24566441971864	14.454918098423912
P06221	viral	874	16.17494059974211	15.459731151557387
P07234	viral	130	16.016878016736353	15.677701686106483
P07235	viral	76	18.685967647498146	17.284627324124397
P07534	viral	599	17.492104103811172	17.193377943285416
P07541	viral	332	16.923208708880782	16.283371738771738
P07579	viral	149	15.516526144630134	14.663942175643344
P08707	viral	192	14.833196580925762	12.670454244762785
P08765	viral	150	17.437139916189945	17.423625241829313
P09964	viral	61	14.769431579009874	12.762061190340066
P10302	viral	83	16.10226561325394	15.719191737862834
P10393	viral	218	17.70974942271833	17.13000587705227
P10427	viral	82	16.66987492323741	13.059648486304521
P11108	viral	325	15.376376968797503	13.65157549781996
P11123	viral	161	16.70065923136534	16.51678479221668
P13121	viral	283	17.710019666879806	17.318322427286102
P14815	viral	302	14.765092983745099	12.635349782483303
P14819	viral	236	8.742105391656908	7.878187306618004
P19192	viral	596	17.82341485573252	17.727711247121515
P20323	viral	535	16.583803881055157	16.090532035998915
P20376	viral	257	17.330454741775664	16.608776657207233
P20406	viral	52	12.928377678988813	11.747792258335421
P21678	viral	169	16.439561694604773	15.05712700566497
P23214	viral	333	11.51970271551335	9.892907389549825
P26699	viral	175	15.647979475788148	12.744540256114123
P26814	viral	97	14.624764128165372	13.928801705218763
P27384	viral	126	18.055711236485422	17.892376566427934
P31281	viral	187	17.3359212244367	17.003914409232625
P39250	viral	185	19.041525895214164	18.98226689644751
P49860	viral	225	17.007155533984488	16.585769588673593
P51727	viral	78	14.76289596333052	13.123189921627688
P57021	viral	120	8.776516632616401	7.535910711264509
P68525	viral	129	16.13773482503154	14.595362147125387
P68574	viral	92	4.447219710559386	3.6167707679702814
P69171	viral	130	17.282422105835543	16.770369359766754
P79680	viral	144	16.668761697894336	16.525988298495772
P85226	viral	464	17.384363322663155	17.222387879595402
P85502	viral	692	15.674410182101587	14.51449735666738
P85503	viral	164	17.18395293758068	16.834474629820413
P85988	viral	171	16.89266697882369	16.831032182298348
Q01259	viral	439	16.788011513947012	16.048903065364474
Q04754	viral	285	17.426406413983063	16.862362547632227
Q05285	viral	292	17.700803979713356	17.424205157216026
Q37889	viral	283	15.632649028043847	15.174777022319974
Q37976	viral	281	14.679486859589149	13.105781281676757
Q38055	viral	502	16.954222201154508	16.622666560674784
Q4Z9G3	viral	576	17.00199124533789	16.19427772670259
Q5XLR1	viral	397	15.75753639367166	14.910945469846158
Q6QGD4	viral	145	17.27594111894597	16.16323090248269
Q6QGD9	viral	170	17.90542858416816	17.81736318104129
Q6QGE3	viral	298	17.894909114937303	17.629023680988713
Q6QGE6	viral	250	16.532456158016945	14.909906712992184
Q6QGJ4	viral	177	17.425291013713608	15.748110288471123
Q6QGM6	viral	193	14.311622707501913	12.013860135601547
Q6QIA5	viral	846	9.222778640707864	7.471008281956885
Q71TD7	viral	177	17.841646074768672	16.275501154755194
Q7Y2C1	viral	66	14.803751609794872	14.618618512776484
Q7Y5A4	viral	212	18.152158097956317	18.14349117187249
Q7Y5D9	viral	140	16.26068121158975	16.04388898649923
Q859Q5	viral	401	17.84170298816527	17.690921053545775
Q8LTD0	viral	96	15.690618315783656	14.82357482450826
Q8SDJ8	viral	163	14.764254483030712	14.196267289721977
Q9T1S1	viral	160	17.34281713611608	17.03850107663697
Q9T1V6	viral	690	12.808187516810696	11.125100971056062
Q9T1V8	viral	182	17.53869179798518	17.09375224590996
Q9T1V9	viral	141	16.8030355228644	16.83515760609881
Q9T1W9	viral	99	13.493620242933973	11.776246944083304
Q9XJR3	viral	335	17.6924201916846	17.52709938818095
Q9ZXA5	viral	729	9.329397100265147	8.117040422521015
Q9ZXB2	viral	457	14.951696886232918	14.100731714835177
Q9ZXI0	viral	521	17.110021553004167	16.904754994800346
A0A0H5AXT3	viral	397	18.387160238054747	18.071066303860118
A0A0U5AF03	viral	382	17.43799653399475	17.438346891085406
A0A1C8HSP0	viral	418	17.858245798967456	17.717517891340748
A0A2L0V166	viral	625	15.171104846209754	13.679952653607817
A0A385DV73	viral	230	16.81505904936901	15.805029985771155
A0A385DVL5	viral	122	14.957290240674068	14.480665179524852
A0MZE1	viral	763	17.42447778069644	17.15782772674184
A7XXB9	viral	448	16.9693804961127	15.12812817444837
A7XXC1	viral	146	18.347416053363276	18.582988525125142
A8CGF6	viral	61	14.570743885511192	14.08135942037933
B0FIL5	viral	614	16.873004588743093	15.911752538872786
B2ZYY5	viral	302	17.593304039602337	17.324682455138845
B2ZYZ1	viral	193	17.31737174308678	17.062002277459694
C0HJH8	viral	376	17.700773853122165	17.442111338535568
C9DG80	viral	310	18.47334478032373	17.96797905305763
D3WAC4	viral	178	15.816949823879128	15.362731603606106
G3FFN4	viral	170	17.271628008198842	15.866982896146181
G3FFN8	viral	633	15.292237971594314	12.76592234091587
O21872	viral	378	16.460660822366247	16.20790708634342
O21886	viral	264	16.90640851822155	16.58796313696073
O21902	viral	119	15.590900316775976	14.70315912117807
O22007	viral	307	5.437177896310772	4.7558257441248655
O48459	viral	253	17.869964533717567	17.531385720620673
O64032	viral	105	15.598775241363183	14.48688598241239
O64036	viral	422	12.118006947282206	10.941317471178076
O64219	viral	274	15.460890313269612	14.53554085637396
O64312	viral	142	16.359140859437478	16.10566299927524
P03050	viral	53	11.763029004726269	10.20817149448584
P03618	viral	50	15.980506475351525	15.11234177189808
P03626	viral	301	15.144316810674255	13.988062997465159
P03642	viral	427	18.994883760944706	18.90725851812307
P03647	viral	337	15.150109301746689	14.11269608026214
P03703	viral	66	19.502658578096263	19.208455936897966
P03724	viral	196	15.800175073530204	14.93225119670136
P03731	viral	192	15.784930762085523	15.313645142373158
P03776	viral	51	17.73051212662309	17.44723249189771
P03803	viral	143	15.010993791416	13.953529548384829
P04534	viral	269	14.660901087312865	13.39635325776683
P04536	viral	227	17.698207065190573	17.01253581792645
P05461	viral	244	16.070877752648126	15.588045486652241
P06153	viral	144	11.199049664669197	8.551083945089585
P06953	viral	124	16.080964927957694	15.697841610373079
P07243	viral	99	16.314406378447377	16.253188458322743
P08234	viral	262	14.557936159122185	13.500881385783885
P09675	viral	576	16.72027075944185	15.547651761356736
P09676	viral	450	17.64208833800644	17.269440437011195
P09877	viral	125	19.324511997770557	18.6219802743449
P0DJY3	viral	99	18.563054434434797	19.103566817427442
P0DTK5	viral	187	14.784962600524803	13.488052409845054
P0DTK8	viral	278	17.268939107428373	17.55407923209634
P0DTO0	viral	53	19.1677589461381	19.14882371981025
P0DXF2	viral	76	15.096848857212446	14.704547576328983
P11110	viral	309	18.056591298012112	17.107912339978753
P11129	viral	648	17.601972831960264	16.763179867261577
P13300	viral	193	13.07880379812838	9.836506930095277
P13312	viral	153	17.93671773550002	17.913872016698527
P13583	viral	145	14.451118549120896	12.92960061114471
P14739	viral	84	16.155507462895436	15.458891500280494
P16937	viral	162	17.747561428528417	17.487011031353727
P19903	viral	71	16.205441925545518	15.99630989287937
P22502	viral	172	17.539519028445067	17.520495991532187
P22562	viral	89	14.023343244117582	12.790658253140924
P25477	viral	357	17.52818441215621	17.19959847501556
P25480	viral	344	17.823336239288288	17.476105906641347
P26596	viral	301	16.694789701238108	15.982918503660887
P26700	viral	669	7.784557524038901	6.347308791157077
P26812	viral	367	12.138834351621796	9.951527568514603
P27379	viral	166	13.110376053332416	12.370626755903503
P27383	viral	86	16.361970680474332	14.725071911378137
P27390	viral	68	13.854602606851229	13.126749865732354
P39262	viral	171	17.90483206216856	17.251284085503887
P39503	viral	99	19.004769804867305	20.599369077360105
P51720	viral	336	17.1425645618815	17.038856989650103
P51768	viral	115	16.634247607934334	15.657238735257238
P51769	viral	141	14.447928204037657	13.564787824548652
P51770	viral	141	14.209053961605415	12.0523374748338
P59935	viral	170	16.449803606624172	14.446921180952659
P68523	viral	172	13.313685752465421	10.838356895114577
P68570	viral	137	10.506324419696005	9.504674010306928
P68578	viral	56	16.33927667057272	16.291360808092268
P68668	viral	309	7.695856135991586	5.705124845900175
P68676	viral	98	17.118254726205084	16.805786748226907
P68923	viral	144	17.46549698556208	16.64079541443517
P68926	viral	72	15.5430996973296	14.322501902273387
P85990	viral	348	17.760341578541166	16.754861041053122
P85993	viral	393	17.128358756184067	16.918205788312612
Q01437	viral	162	17.717507672875826	17.566491335737144
Q01751	viral	122	17.259699924969343	17.031557340991775
Q04395	viral	598	17.770454291325787	17.139251632123703
Q04755	viral	286	17.08660682030846	16.657805812163595
Q05222	viral	173	13.87951086797666	11.779270502113846
Q05232	viral	272	15.707507484682907	15.197583288986776
Q08402	viral	237	12.446010674957979	10.895476213735988
Q24LI4	viral	356	15.690737102419538	15.036115813527145
Q37887	viral	101	13.84254591401648	12.432095688304148
Q37897	viral	321	17.56952937086893	16.576625719325286
Q37977	viral	96	15.0055150863675	14.356036251018363
Q38135	viral	270	16.58650382193745	15.026336289189405
Q38653	viral	341	15.050332016656741	12.677415647651486
Q6KGI8	viral	368	18.065915460007062	18.086960146185895
Q6QGD3	viral	277	17.26882256925742	15.774060851494381
Q6QGL2	viral	227	14.799911938448796	12.789438603084081
Q6WHE6	viral	511	17.92371755307433	17.39604416283336
Q6WI75	viral	221	16.52801332656966	16.170144326821863
Q6XQ99	viral	71	15.293337681509632	14.497355560593189
Q6XQC4	viral	957	11.965932506175843	9.973075694753943
Q858H1	viral	556	17.00932468801305	16.191146038816417
Q8SBJ2	viral	137	19.089051090109376	19.48307108782571
Q9AZ38	viral	66	14.308543978195113	11.409791496197812
Q9FZW7	viral	472	17.19699184174955	16.910333455908525
Q9G050	viral	315	13.926594785430536	12.114954795325906
Q9HH35	viral	222	10.791915990781227	8.329135645820644
Q9MCD1	viral	122	15.854758748254167	15.629499542734914
Q9T1D7	viral	120	10.424724563841814	8.507172069698404
Q9T1Q8	viral	126	14.890185624910838	14.234588198413862
Q9T1S9	viral	720	17.197103792648427	16.883278264114782
Q9T1U3	viral	148	17.387974236059392	16.88186678522507
Q9XJR6	viral	104	15.609843179043382	15.202237887034018
Q9ZXI1	viral	269	14.639003735798838	13.867196201059715
A0A088C4D9	viral	348	17.89238718803478	17.70410682252358
A0A0S0MX59	viral	140	13.070796225281567	11.677261101133972
A0A219YHC2	viral	685	15.599926022215634	14.815857613936144
A0A385DT87	viral	225	18.108187410584947	18.287058121258937
A0A385DT91	viral	236	18.148279688301127	18.181714112255197
A0A385DTH1	viral	215	18.50629264416935	18.113444786569257
A0A7S6R611	viral	802	14.967102695661069	13.637114465295536
B0ZSF3	viral	602	17.460999072371084	17.34454147819351
D3WAD2	viral	999	9.225859813244377	8.234369559669958
F8SJT5	viral	602	17.60576830834781	17.239793500509084
O21870	viral	540	16.414957344907716	15.024696206997804
O21942	viral	120	9.478680754277068	8.34450097746457
O64207	viral	485	15.916471256493194	14.96968385889759
O64218	viral	134	15.064600356690203	14.561708471112865
O64240	viral	693	17.202904123827107	16.144669857942652
O64314	viral	815	7.080605627393802	6.194517805763669
O64324	viral	117	16.41332721488055	16.176964249738155
O64325	viral	184	15.642155869454818	14.76712525238455
O80298	viral	113	14.695601801394382	14.461934610068578
O80300	viral	429	11.508593144012192	10.291792580372201
P03609	viral	75	16.53987220455649	16.302805269672074
P03716	viral	307	15.092298639460733	14.035019745768315
P03730	viral	223	14.544009559516232	13.474139985095356
P03739	viral	183	17.352913380783832	16.12359411716995
P03743	viral	221	16.923931229225943	16.09733902910498
P03759	viral	144	14.485773299901275	14.253310934223318
P03780	viral	85	18.979290252642667	18.268110506319584
P04889	viral	116	16.33792748994167	15.097176962410378
P07040	viral	174	16.257000100954592	14.838410906248967
P08767	viral	431	18.90440267008201	18.62472381187578
P08986	viral	83	13.516692135874628	11.654220117086282
P09673	viral	132	16.375735148849593	16.044602162298016
P10307	viral	67	18.001222858989372	18.60084511747211
P10438	viral	64	15.482747212172482	14.702784897953709
P13316	viral	120	16.15584377587801	14.858175286304652
P13336	viral	177	17.24365886719022	17.171090757156694
P13337	viral	590	15.532663644160875	14.44271439389362
P14110	viral	52	16.722305155723088	16.552271958624313
P14814	viral	229	17.68691793099507	17.02785887152616
P15238	viral	263	13.071009306704559	10.787307187667631
P15420	viral	428	11.525616092173056	10.243957671506873
P15966	viral	393	18.37102190856364	18.176855898056445
P17171	viral	114	16.02333246122905	15.188069946109595
P17313	viral	111	17.756396418089224	17.216787555555037
P18029	viral	246	18.514468771559446	17.84005872897346
P19693	viral	347	16.55329481139092	16.243619814963196
P20322	viral	106	12.079988875673047	10.244870832090193
P21703	viral	186	5.129425819203121	4.800349314686854
P22588	viral	247	15.26549446028222	13.777814632282112
P22915	viral	211	15.219485412016788	14.48906719662306
P24796	viral	183	17.346487215312827	16.77287560172712
P26748	viral	303	15.295742789417679	14.022878782720962
P26749	viral	472	18.126443058751526	17.26048294787858
P34700	viral	130	16.07026780042229	15.739734917181247
P34702	viral	63	17.945407157316414	17.85618374087362
P35926	viral	186	17.001440869005148	16.142809801138064
P39229	viral	208	19.108213173934047	19.24322498455917
P39418	viral	81	14.97509052791268	14.584633284121285
P39514	viral	97	18.89119839150824	17.277170099121996
P51717	viral	345	17.824939462603897	17.627589032952457
P51767	viral	302	15.922182294975887	15.462888468238285
P69594	viral	56	13.99008493665074	13.670918699503787
P85229	viral	140	18.022036456390826	17.825286842981356
P85992	viral	177	18.475665512341923	18.14888010278049
Q01261	viral	156	16.595215601594063	16.528494247500536
Q04765	viral	371	17.807293488206135	16.99394241572104
Q05220	viral	486	16.514469893628508	15.939942226227133
Q05229	viral	198	17.03057121255555	16.740086060523744
Q05246	viral	56	7.683312727632976	6.320806584195264
Q24LJ4	viral	451	17.091155126058304	17.085411158750695
Q37888	viral	449	16.852284513143257	16.43829122209348
Q37989	viral	568	16.78231741097998	16.37297625834471
Q38008	viral	134	16.01463802569188	15.295886806554186
Q38305	viral	706	13.233288827945426	11.616545380201156
Q38435	viral	163	18.487442410979035	18.19767608784876
Q38503	viral	56	16.316179980161095	16.335597672958468
Q4Z9F2	viral	587	16.84130621440363	16.81507132162287
Q54699	viral	337	15.711050939705723	14.244310472626132
Q6QIB0	viral	477	16.62070099601469	16.004092590191284
Q6QIB5	viral	307	17.129233695642785	16.98584359593638
Q6TM72	viral	90	15.669407382882829	14.846418041152925
Q6UAX6	viral	428	16.66291644010473	16.173848886600396
Q6WHE8	viral	671	16.819392927822143	16.26730735494348
Q6WHG9	viral	421	14.58532015577383	12.610290937130802
Q71TD6	viral	175	15.53829941145282	13.639099837313985
Q7Y2B9	viral	109	13.932418962526215	13.275349842414707
Q7Y5P0	viral	515	18.130948021393106	17.826754093751926
Q8SDA8	viral	626	17.800112933912143	17.697068693583283
Q9FZX0	viral	130	17.656886576386203	17.353909624118394
Q9G053	viral	151	16.153579516509076	15.073563609679287
Q9G055	viral	199	14.421140002132494	12.806558840487515
Q9G059	viral	533	18.427318983174924	18.043726918375626
Q9T1D6	viral	305	6.827283672831704	5.375634937742521
Q9T1Q4	viral	93	11.787496077045365	9.43049687219842
Q9XJJ6	viral	154	13.597875406659377	11.925536071662195
Q9XJJ7	viral	61	15.526685105685454	14.438896121378786
Q9XJR2	viral	160	17.435931288142424	17.123171659356995
Q9ZXD8	viral	135	15.852581756900031	13.191101871300805
A0A0A8J8T2	viral	888	15.353871677363333	14.131634853007162
A0A0A8J9B0	viral	767	15.566217779563317	14.163551610312666
A0A0S0MVI5	viral	292	17.974935612759587	17.46713047105927
A0A0S0N9S9	viral	189	14.505770389201942	13.367775137033133
A0A1L4BKQ4	viral	448	16.90443863642364	16.474398302869997
A0A1P8VW90	viral	577	14.817618114165803	14.034743520813791
A0A217ER65	viral	259	14.311040451989363	12.54599101092738
A0A219YHF3	viral	684	15.542633698736648	14.735097737098801
A0A219YHG0	viral	749	14.670965294242826	14.019138573231011
A0A385DVS7	viral	333	17.084963477582036	16.908509252275707
A0A3T0ZBX8	viral	678	17.212152156865532	16.83927383189742
A0A482GDX1	viral	631	17.519261855410118	17.22098230476044
A0A7S6R613	viral	1017	16.302054412591243	15.629132987262926
B4YNF0	viral	226	17.11206514551672	16.620539295681205
B4YNG0	viral	595	17.105862703574775	16.772919742782957
B6V2N4	viral	507	16.569468401408752	15.91520502173853
D3WAC9	viral	121	17.971240882041855	17.269218534520828
D4Z9X5	viral	427	16.803773419005026	16.71248005004389
E1XT70	viral	220	17.072503494977244	16.307655728836483
E1XTG6	viral	560	17.587099244420827	17.25881929775887
E1XTJ1	viral	424	19.183505959462142	18.69083467450318
E1XTK3	viral	304	17.258409934342065	16.33801606542635
I7HHN4	viral	602	16.71381462430353	16.01282551782101
J9RWN8	viral	309	17.163833317706604	16.924616516557045
O21879	viral	301	16.953228661657107	16.624668677007964
O21882	viral	999	8.254637406635585	7.30101779683544
O21884	viral	375	17.893897060330158	17.59075721053006
O22000	viral	128	10.85595217128251	7.762970810185016
O48410	viral	79	16.032225783097545	14.422823290657467
O48470	viral	83	14.114994109743911	10.849647160081604
O64038	viral	88	15.756712026928641	15.38668882160404
O64145	viral	576	13.368544222350472	12.201705775909417
O64329	viral	250	17.322446223702453	17.065912906052766
O64330	viral	838	6.973466442080781	6.078569630498715
O80286	viral	207	18.567754528641274	17.984387058560053
P00585	viral	545	16.26488169540845	15.074166738950034
P03036	viral	71	9.826331452968798	7.768335827820421
P03041	viral	92	15.792678216262747	14.165335346942415
P03046	viral	74	18.524709822926024	18.88390987574802
P03611	viral	129	18.16471502371604	18.277013138338642
P03638	viral	152	17.241715304028638	17.05448169939225
P03645	viral	103	20.347728467616985	20.4215687432159
P03650	viral	330	15.037787108786537	13.693937722706675
P03664	viral	426	12.441110891474509	10.164203018950019
P03671	viral	144	16.222925898656136	15.00327671459193
P03690	viral	725	15.929528079197741	14.850613339368586
P03701	viral	206	12.035639490423577	10.203985170936937
P03715	viral	80	18.180240839077683	18.085113946138595
P03719	viral	100	14.54073082192396	14.190207298909865
P03747	viral	794	18.155909576384143	17.294630044265567
P03758	viral	89	17.066642293722467	16.70617590297779
P04537	viral	137	17.535042982697256	17.355539916980856
P04891	viral	100	16.91046854604498	17.464358240482397
P06903	viral	73	10.892269214015089	7.2017186038206695
P07233	viral	63	17.497954225030146	16.824262157889212
P07238	viral	365	10.869327247113496	9.400429984088165
P07532	viral	280	15.011829488838643	13.606846614625216
P07696	viral	166	18.89340038617368	18.69914693212679
P07931	viral	427	18.68072200123479	18.607341916914176
P0DJY4	viral	188	16.946966525834974	15.95462338867895
P0DJY8	viral	251	16.62738612671246	16.163017801001153
P0DTK7	viral	480	17.61837951865583	17.053633299890457
P0DX89	viral	108	15.354979631520346	14.26535967638947
P10312	viral	387	12.966550061430414	10.020007510555036
P11111	viral	256	17.812498194095678	17.568036163021524
P13335	viral	208	17.770962437352377	17.031811011569896
P15240	viral	163	14.731615754194507	14.189087030973685
P15417	viral	108	17.704109452616006	18.065368668614838
P15965	viral	545	15.856507189117268	14.63625919519245
P18030	viral	246	18.723712076377833	18.48165123102788
P19348	viral	138	15.822369500520823	15.267078166478383
P20313	viral	232	16.474868337112447	16.182909409947072
P20324	viral	310	14.792353279428083	13.125144246828391
P22501	viral	396	17.208754785403723	16.81248821551726
P26701	viral	176	17.435811023896612	16.472205187368978
P27382	viral	207	14.117674172940019	12.113255393831931
P32762	viral	318	13.507559241548561	11.49084447441475
P36272	viral	530	17.24805562205701	16.54457757728043
P36275	viral	115	16.710542080527258	16.2316632623925
P51711	viral	775	15.691587930198985	13.568281470143456
P51773	viral	93	14.07013546143579	12.911609065677347
P68572	viral	148	8.963369879021196	7.413850012709523
P68656	viral	68	13.599460921998269	12.605886484046358
P68660	viral	68	14.728893342398493	13.78603308308821
P69172	viral	86	16.912008902628717	16.45772055433045
P85987	viral	306	18.205780848685816	17.655366384743264
Q01146	viral	609	13.597610227155483	12.201124028339066
Q01743	viral	187	17.801584893159927	17.742677100346032
Q04763	viral	178	10.55580285849434	8.573836097936955
Q04764	viral	180	13.041366344310916	11.366608610029916
Q05286	viral	183	17.27193710244449	16.604055612319204
Q05296	viral	131	13.928971336109687	13.254727174290569
Q06419	viral	761	15.695804261846304	14.240922389054514
Q37892	viral	293	16.56294380301118	16.40306499845133
Q37979	viral	289	16.66771432560028	14.838938666535697
Q38039	viral	150	17.467948003005336	17.47941162439528
Q38041	viral	431	18.602827600023648	18.25227223677659
Q38066	viral	141	16.252064248777756	15.051456128963778
Q38134	viral	75	14.482858509852374	13.748637924876563
Q775C3	viral	555	17.079067263860004	16.245099906249774
Q7Y2D5	viral	510	16.59094428377919	16.28712758946527
Q7Y5B1	viral	78	18.30100812671715	17.776424444760362
Q857H2	viral	672	16.993128942150886	15.774702906055238
Q859K6	viral	249	17.170142635683234	16.77368255909878
Q9T1X1	viral	128	14.609567419736376	13.729142904615008
D3WAC0	viral	174	15.907579454035549	14.14386829420806
G9M952	viral	403	17.319469356119672	17.311777787652325
I7H893	viral	186	15.70844759258634	15.183891525548951
O34055	viral	138	17.065526395738143	15.625366969530715
O48425	viral	58	17.547556082164025	15.02477278243666
O48428	viral	64	15.662848038542935	14.94702568934523
O64222	viral	596	18.05444361427732	17.89650453201098
P11130	viral	72	13.466203657902334	12.64428983996567
P15236	viral	75	17.532936145331515	17.602380075017557
P18683	viral	112	17.927347573815233	16.961554879779985
P22499	viral	82	16.80461039998404	15.90005549790922
P24795	viral	96	16.587597568484885	16.12652793169248
P42267	viral	152	18.28209982579284	17.486756712261702
P42549	viral	238	14.479451797805174	13.782586868960497
P68936	viral	108	18.421550734303423	18.462248785972285
P69174	viral	201	14.757853416806132	13.542117963367401
Q05233	viral	837	12.115635090878845	9.966864133481264
Q05278	viral	313	16.473666013140413	16.057472984496535
Q38490	viral	60	17.602163762929365	15.957049113226818
Q38662	viral	145	17.498786087836358	16.706538679317354
Q6QGG9	viral	255	13.308077555927976	11.412634421677689
Q6Y7S3	viral	463	17.547313526645244	17.495282034016682
Q9AYZ1	viral	230	12.913245647537593	11.06779343591795
Q9T1T7	viral	94	15.96753513843133	14.919346744672815
Q9XJQ3	viral	56	18.55039824659071	17.359345498397435
Q9ZWX5	viral	64	18.727194504028944	18.99673798091209
B0ZSH1	viral	861	11.036346634278411	9.787761333004593
B4YNE8	viral	184	15.318958920512603	15.231408921040527
I7H0H9	viral	381	16.89510038011869	16.68567860845612
O22005	viral	167	15.986950801617034	13.524945825278639
O22010	viral	147	16.363872435377353	14.490323829888693
O48499	viral	160	18.213025349700185	17.988357109969108
O64206	viral	595	17.176594195596614	15.194889311255151
P03687	viral	271	14.860799062263538	12.420744104826728
P03767	viral	57	18.857207411565007	17.83355343936775
P03769	viral	56	17.209758163448456	15.999007928723117
P03791	viral	51	14.364914675345515	13.227655636789251
P04132	viral	99	12.974838787308451	11.921459473087323
P06954	viral	65	17.58060389688987	17.08994128405679
P16516	viral	54	17.48019775061834	18.02441446384488
P51734	viral	174	17.467006858970162	17.174271979650857
P69176	viral	64	16.217834079420182	14.728032508732827
P69190	viral	152	18.275072630967024	17.97073173085442
P85230	viral	112	17.24102523119346	17.287739855793337
Q04766	viral	123	18.940614489486844	18.946250168916336
Q04775	viral	113	18.701428212185725	18.74401331378708
Q37898	viral	129	15.117546009847198	14.518794456239876
Q38278	viral	107	17.328093384216682	17.231419199863925
Q38669	viral	67	16.670944800217466	15.351224902123453
Q859K5	viral	408	17.203719102891633	17.020910924519136
Q8HAD9	viral	229	12.513846946833397	10.665941427755863
Q9G052	viral	84	17.713879243105925	17.033152697788818
Q9T1R1	viral	155	15.201135063411423	13.33995784989267
Q9T1R3	viral	625	14.68371200412913	12.68421914431488
Q9T1R5	viral	462	16.39051132351929	15.279154496527793
Q9T1R6	viral	209	12.762120545534698	11.047432182476314
Q9T1W0	viral	136	14.822890140836568	14.464757350760832
Q9T1X0	viral	64	16.663458515999782	15.06549336154378
B4YNE7	viral	236	12.1042579460102	11.121059375741476
D6RRG7	viral	173	17.335561018281705	16.983274238666844
I7H0I4	viral	271	15.789097897008388	15.041628437126631
O48424	viral	58	17.853488852785585	17.336590112895124
O64202	viral	322	16.805512381812665	16.11069849531337
O64210	viral	318	17.726216444386345	17.52812716447508
O64220	viral	837	10.419288590336443	9.022859332568428
O64363	viral	181	14.465370478490573	13.750654812209206
P03756	viral	182	16.014655267078897	14.663481696791102
P03768	viral	60	17.62358397533505	17.409019212896265
P11191	viral	97	17.05172809865988	16.3155974653581
P16518	viral	105	17.58065368074621	16.902305673560505
P23208	viral	160	16.298791922734505	15.161136691563264
P34081	viral	174	8.988208198670215	7.5903837746778
P39487	viral	126	17.50012587477079	17.65088896354892
P41062	viral	334	15.99121876633868	13.54470733042826
P42268	viral	147	18.137235820348675	17.420508483552112
P51731	viral	689	9.127707385764062	7.18551349969105
P68576	viral	104	15.502383342449853	13.526489375477986
P68652	viral	146	17.269275375970583	16.842969347727433
P68934	viral	105	17.506369332971403	16.72469937161746
Q05219	viral	593	16.86634787291892	14.786344325789885
Q05234	viral	336	18.587546268690957	18.447277140731025
Q05235	viral	596	18.06286371553254	18.142565195911267
Q37871	viral	56	16.63355449500415	16.326078940487445
Q38362	viral	198	16.665921057217204	16.325590960889226
Q38477	viral	76	18.483842228078604	17.586941725767254
Q38625	viral	72	19.005358381450105	18.11000031844699
Q38663	viral	57	18.444846777711778	17.884868555567294
B4YNF9	viral	218	18.2703053970006	18.233989889226947
G9M973	viral	403	17.15945251563483	17.15825716351597
O21894	viral	128	17.065575070790953	16.662883741781233
O48403	viral	117	17.0888787381568	16.438973796772373
O48414	viral	73	16.599046562959746	15.494803633319632
O48429	viral	144	18.010848747776638	16.929406152378235
P03654	viral	56	14.471987893326718	14.150892000575569
P03765	viral	146	17.618937404800004	17.23963524713278
P03771	viral	68	15.474772780227422	14.184802277210677
P03787	viral	169	17.792635846582034	17.27130204285289
P06226	viral	101	17.58874023181035	17.447003038376224
P09677	viral	331	17.103299502908445	16.721532671329804
P15854	viral	54	16.569268231254334	15.45863401368106
P19183	viral	96	18.617361777524238	18.47910502322903
P20836	viral	54	15.210848856275215	14.951804030702515
P21680	viral	66	16.913469902857887	15.843469842078326
P42548	viral	738	13.94193924790523	13.03988880744698
P51733	viral	393	17.945051696274188	17.753385714500034
Q04774	viral	144	16.90652202609047	17.1636931270827
Q38480	viral	139	18.002551112654974	17.323169105818813
Q38664	viral	58	18.394337897691585	18.21315547755383
Q38667	viral	203	16.17569295159321	14.167467011997129
Q6KGH8	viral	742	14.652708622435302	13.289164086837626
Q9T1W8	viral	96	17.7290159653228	14.341253824750565
Q9XJQ2	viral	60	18.31992536263276	17.999638769496368
A9CRB8	viral	186	17.124063350109477	16.9970762088587
B4YNF2	viral	152	13.556631918188838	12.866902606538513
E1XTG1	viral	440	17.542007350648838	17.05108796820964
O21869	viral	174	15.912055243335386	15.076585719115226
O48427	viral	201	14.697640579640089	13.78402246712009
P03037	viral	300	16.943732945679752	15.50132688699709
P03770	viral	204	14.898533300910286	12.57657330518445
P08385	viral	54	17.754236647344705	16.90534256639721
P0DUE5	viral	82	16.117158478521024	15.428634540573306
P19194	viral	145	16.974573012364626	16.430765492828495
P42265	viral	151	18.255012120479446	17.86273281434229
P59217	viral	577	12.387573968138101	10.232960580225772
Q04768	viral	144	17.2811831579103	17.08002572851997
Q04769	viral	118	18.284145849327906	17.170071777318324
Q24LI1	viral	944	9.646944281841993	8.219078299541932
Q37907	viral	73	14.495221758662538	12.79216258790274
Q38479	viral	87	15.516879550194922	14.944378880565814
Q38482	viral	99	15.216927843029515	13.714358337916469
Q38488	viral	176	17.9430097250341	17.61822198240329
Q38646	viral	120	15.878159948718439	14.635908139544908
Q38666	viral	58	17.567777446755755	16.243079117607966
Q9T1L9	viral	60	18.144028756939925	17.742395320175497
Q9T1X4	viral	88	16.286755639228414	15.884686944750259
Q9T1X7	viral	176	18.176070242431944	17.007981919766888
Q9XJQ4	viral	204	15.581830814152484	12.707674328123241
Q9XJR9	viral	218	14.91615729252191	13.815531420302728
V5XVW4	viral	463	17.76009216863102	17.79852258642945
