accession	label	length	mean_perplexity
P0C9E2	viral	318	14.599612503235475
P12870	viral	407	16.35612806831157
P17501	viral	512	18.025188204773574
P27949	viral	215	7.523341426357203
P35970	viral	419	17.631512705305386
P42494	viral	174	13.607410556380284
Q65164	viral	318	14.765549684561385
P0C9E1	viral	318	14.827242637958037
Q00704	viral	704	16.69341951506011
Q89501	viral	402	9.74823514576496
P0C9E0	viral	318	14.814610075197445
Q65179	viral	530	18.277802256931572
Q8V9T7	viral	318	14.66088827936487
Q9DSN8	viral	904	17.624884747707604
P13418	viral	895	18.19299699150932
P32092	viral	250	15.732512593170219
P32094	viral	868	16.439557693875226
Q65202	viral	296	15.68518351004676
O92446	viral	839	16.464406461787554
P03318	viral	995	16.277603645269014
P68742	viral	104	13.891366716018911
Q66929	viral	998	17.97751000350488
P08363	viral	229	16.478496896105153
P0C993	viral	868	16.34085655050776
P11138	viral	582	17.157969818086343
P34204	viral	204	17.765121727169134
Q65199	viral	165	16.903369478929694
Q65212	viral	71	16.10893173318638
P04871	viral	245	18.495795042611476
P0C8G4	viral	217	7.572646197571987
P0C995	viral	868	16.560572462164927
P0C9V8	viral	404	10.553116638041757
P24647	viral	408	13.628579577499632
P25869	viral	213	7.5631987095451825
P41418	viral	210	18.465304792877113
P41676	viral	215	12.2780482996825
P41684	viral	551	5.012028507892243
Q65200	viral	248	15.464116742467022
Q65201	viral	120	15.854361914156092
Q65216	viral	868	16.49546616990951
Q77J49	viral	844	17.574841682805495
Q9J7Z0	viral	401	17.181614433175014
O36972	viral	239	14.96183327368618
O71153	viral	545	16.591639531003086
P06545	viral	55	8.596712164297651
P0C9V7	viral	392	11.225140032257652
P27318	viral	485	17.467366984058764
P27945	viral	329	15.521921320669735
P41477	viral	464	17.91639044963561
P68831	viral	106	15.272450971823977
Q00733	viral	691	16.351199710472045
Q65150	viral	153	13.622894477074905
Q76U48	viral	238	14.058662908374467
Q90054	viral	545	16.438667992362298
O92503	viral	422	13.109042627473228
P0C8G5	viral	221	7.534619716172027
P0C994	viral	868	16.3571731957911
P0C9C6	viral	296	15.680917162084596
P0C9V6	viral	381	10.891377282984074
P24728	viral	252	12.882500212735454
P24730	viral	219	16.87952020149867
P27454	viral	849	17.406977439005637
Q65163	viral	119	18.938956643194647
Q65194	viral	183	13.134962483502566
Q90185	viral	805	17.255775783013938
P0C9V9	viral	375	12.304962214166814
P12871	viral	399	16.643326654694558
P24656	viral	168	8.638236918093087
P25783	viral	323	7.302436470107025
P41437	viral	268	6.638212793296149
Q85439	viral	421	17.2952668705344
Q98829	viral	329	15.188359587542294
O10364	viral	324	7.397160783094563
O55716	viral	959	9.863139553812635
P04329	viral	407	16.547717683924343
P0C8F3	viral	298	11.670584640115251
P0C8F9	viral	235	13.63304810645339
P0C8G8	viral	119	19.214209648627712
P0C8H7	viral	779	10.96021709218175
P0C8H8	viral	778	10.882567625292806
P0C8I0	viral	327	12.13195564340785
P0C996	viral	250	15.616923253832052
P0C998	viral	246	15.274595810458134
P0C9A4	viral	963	14.511622562908332
P0C9D6	viral	151	15.831188722787557
P0CA00	viral	193	11.886573760659788
P0CA64	viral	161	13.056216910328029
P14583	viral	801	18.075388781449533
P17375	viral	349	18.247723574579545
P18131	viral	984	14.083058677983937
P24648	viral	51	8.447987936148788
P26561	viral	349	18.22896040463667
P33422	viral	301	15.733484112299987
P41480	viral	259	18.633074525795582
P41720	viral	274	12.487734153581435
P42493	viral	298	11.658956870051721
Q196W5	viral	363	12.741770794909481
Q196Z5	viral	630	9.093933180287783
Q5I146	viral	325	10.477294641965546
Q65137	viral	125	18.98081542915346
Q76L39	viral	1018	18.026675214863463
Q7TLR9	viral	833	16.697117364409394
Q89784	viral	176	13.984738569498061
Q8V9S6	viral	646	19.143042705243804
Q9JFM9	viral	119	18.957035894320597
Q9YMV2	viral	548	10.563339302025279
Q9YW06	viral	717	13.011698369083538
O10274	viral	220	12.916690561829645
O10340	viral	457	17.780147285212895
O92490	viral	240	18.069813137562942
P0C8G2	viral	239	13.800661424269084
P0C966	viral	238	14.609313286041985
P0C990	viral	419	17.61729738876139
P0C997	viral	246	15.539728262713345
P0C9B3	viral	706	15.032795260141539
P0C9C8	viral	296	15.541210317354901
P0C9Z8	viral	175	14.153348221964444
P0CA06	viral	530	18.271301623880753
P12827	viral	225	16.475927674414798
P16709	viral	77	3.1678712748957913
P16993	viral	233	17.75431169638326
P22776	viral	646	19.03818873929361
P32511	viral	405	13.967324778776185
P32934	viral	325	15.331154634438073
P33423	viral	325	15.329023782217046
P34051	viral	401	18.18493961117846
P34206	viral	299	11.85086833510281
P41417	viral	266	18.56447165574923
P41662	viral	390	18.394973113035274
P69180	viral	224	18.16946800643075
P69361	viral	349	18.269428546254595
Q03209	viral	543	13.463540942119394
Q2NNU1	viral	375	14.381362999247573
Q65198	viral	199	17.63044079943722
Q85451	viral	421	17.258911010129573
Q89443	viral	962	14.425744947782665
Q90187	viral	355	18.876440496323546
Q9WGE0	viral	324	7.311079733946725
Q9YMJ7	viral	676	17.4225142180679
O37319	viral	646	12.92899317596665
O56677	viral	512	18.10562369508744
O71155	viral	809	17.390252087356618
P04872	viral	337	18.747171910912027
P08358	viral	240	18.108235497280774
P0C8G3	viral	218	7.6907005852543815
P0C9A2	viral	962	14.459941756197134
P0C9A3	viral	962	14.449706249782945
P0C9Z9	viral	197	11.467402419113347
P0CA07	viral	530	18.284832687896895
P0CA63	viral	158	13.529567449311925
P0CAE5	viral	329	15.783498813728938
P0CAE6	viral	333	15.784074575372347
P17379	viral	420	17.331996835374664
P21288	viral	112	19.06687447937931
P21290	viral	216	18.03747905943221
P23061	viral	341	15.009570345812142
P25695	viral	361	17.585295071315375
P27948	viral	243	16.876972954073718
P32933	viral	325	15.205047936907176
P32935	viral	325	15.26806027240081
P36292	viral	301	17.916463066988783
P41415	viral	272	11.66026062783789
P41483	viral	228	16.442430935490997
P41658	viral	265	17.058229033840625
P41710	viral	261	17.859966212598838
P41721	viral	323	7.409454604963398
Q00946	viral	273	16.886206039071794
Q03328	viral	328	15.506142098761108
Q06670	viral	847	16.248340955002796
Q07344	viral	137	17.172383591814352
Q65151	viral	364	18.011802043869388
Q65217	viral	246	15.292315898819675
Q89769	viral	78	14.553043958809335
Q89926	viral	706	15.028125906183801
Q90053	viral	810	17.53013924783482
Q91CD5	viral	997	17.772357494256045
Q91F86	viral	537	16.1601514924497
Q96631	viral	998	18.03439158615175
Q9YW39	viral	647	12.28278560875345
A4KX75	viral	474	16.110087815921457
O91466	viral	333	7.517089378437505
O91729	viral	647	12.736531538181179
P05842	viral	885	17.699406414865805
P0C8G1	viral	239	12.96038036200313
P0C985	viral	174	13.581908649415617
P0C9B1	viral	706	15.0234436751003
P0C9B2	viral	706	15.027925260395454
P0CA05	viral	534	18.318959706034327
P0CA65	viral	163	12.295747881168431
P0CAF9	viral	366	18.09594388716796
P11038	viral	256	9.031904249638728
P12869	viral	403	16.98385980267045
P13625	viral	509	18.23885051606047
P15963	viral	645	17.530511228250674
P17499	viral	347	18.067146571427145
P18259	viral	349	18.059450630905904
P18558	viral	124	19.11736430197259
P18609	viral	349	18.26220810482036
P22856	viral	867	9.685924525529321
P23058	viral	302	15.822955015826889
P24486	viral	648	12.742575857186864
P24731	viral	419	17.113940085164728
P24745	viral	320	15.758614391678794
P26560	viral	349	18.182260390792845
P29814	viral	648	12.6406665027169
P29815	viral	1003	17.055113997270887
P32510	viral	61	15.04989036661763
P32651	viral	409	17.02697434761284
P41453	viral	385	16.681996783606674
P41702	viral	290	17.059274284536578
P41715	viral	324	7.455596924833033
P41717	viral	509	18.40956135827314
P42485	viral	179	17.939104119490406
P42491	viral	778	10.944199932948115
Q0PI70	viral	314	17.533558421147283
Q1WNZ7	viral	799	18.40679638161283
Q4ZJY8	viral	233	10.609113643651144
Q4ZJZ0	viral	515	3.7389911437205416
Q65140	viral	151	18.233611349294605
Q65246	viral	296	15.396840570736035
Q65272	viral	183	13.03813447754087
Q6Q304	viral	646	17.51624788098341
Q85437	viral	801	18.041599380347797
Q89424	viral	117	16.211831727236685
Q89581	viral	706	15.013790061608526
Q8B9B2	viral	407	14.055817478743334
Q8B9D5	viral	323	7.314046215568209
Q8QLK1	viral	337	7.3766378352396185
Q8QME4	viral	348	15.885535731387131
Q8V9U2	viral	963	14.376584068363778
Q90125	viral	811	17.410003158981112
Q91FE4	viral	528	16.640303253682085
Q992J0	viral	998	18.14471053118809
Q9J8B9	viral	337	7.705339340270798
Q9YVX9	viral	674	13.2721056168566
A7WNB3	viral	561	18.546116784609257
D8V075	viral	662	18.391662205004987
O10336	viral	819	16.560335562970035
O10363	viral	550	5.1192673908816815
O11453	viral	224	17.673919904198364
O89335	viral	155	13.535875163219824
P08160	viral	299	17.483441189508184
P0C6L1	viral	329	15.222309892690078
P0C8F4	viral	299	11.829676523207976
P0C8G9	viral	119	19.21555651705309
P0C8H9	viral	778	10.911184774253774
P0C8I4	viral	188	12.458094556909813
P0C983	viral	174	13.71450101189911
P0C984	viral	174	13.792102630036869
P0C986	viral	174	13.921130019762325
P0C991	viral	419	17.64904235282037
P0C992	viral	419	17.619876556218443
P0CAE4	viral	329	15.83574136339501
P0CAF7	viral	383	17.625145279831845
P0CAF8	viral	369	17.952616021208748
P11042	viral	275	16.908109514348634
P24649	viral	65	8.859300148892677
P26685	viral	779	11.107803153374059
P26813	viral	419	17.646025575347533
P41452	viral	876	17.779257092833202
P41467	viral	808	13.908380729018784
P41700	viral	477	18.01541395284782
P42490	viral	240	13.998438923690536
P42492	viral	334	12.34605598313898
P47732	viral	208	11.29935943032394
Q06669	viral	133	15.780390816222072
Q06VC5	viral	501	14.714785241033233
Q0E587	viral	386	14.51466754190825
Q196W2	viral	520	15.806485372337876
Q6VTL7	viral	324	7.381241861308415
Q80LP4	viral	337	7.4198562891273125
Q85449	viral	421	17.19597427259284
Q8V5U0	viral	367	7.641060742433243
Q91BH1	viral	337	7.827737020807012
Q91CL9	viral	324	7.293539974011734
Q91GE3	viral	323	7.448259244849959
Q9J7Z2	viral	973	17.045150515136363
Q9PYY5	viral	346	7.536484603195436
Q9YMP9	viral	356	8.015628848071849
Q9YWK4	viral	331	8.259350945290173
A4KX74	viral	655	16.56657108917247
A4KXL9	viral	314	18.052988918642633
A4PBP8	viral	489	17.228451034059148
D8V071	viral	308	17.550045012791152
O10286	viral	52	13.913000706967939
O55733	viral	515	15.838459981896747
P03237	viral	245	18.615393000261417
P06503	viral	248	19.21543740243456
P06945	viral	956	18.708285904447504
P07132	viral	644	18.388496569589712
P07388	viral	246	18.795143619824234
P0C8F6	viral	243	16.55456021954731
P0C8F8	viral	243	16.77171045169998
P0C8H1	viral	859	16.068505736992943
P0C8H6	viral	179	17.880668541858896
P0C8I1	viral	327	12.08971520689434
P0C964	viral	238	14.624953947618524
P0C968	viral	424	18.075203473533495
P0C9C4	viral	165	16.942563018706725
P0C9C9	viral	387	16.68435548803822
P0C9D5	viral	475	17.508381689000142
P0C9E6	viral	359	17.42702172948007
P0C9H2	viral	124	19.34340089274457
P0C9H4	viral	121	18.984241450250128
P0C9H7	viral	118	18.13397648585557
P0C9J4	viral	275	16.263878870155803
P0C9K5	viral	268	18.437845002348382
P0C9P1	viral	319	17.686257974644743
P0C9P2	viral	352	17.57042998888966
P0C9P5	viral	356	17.278562344717287
P0C9P6	viral	353	17.01335190046612
P0C9Q5	viral	357	17.401114269202193
P0C9Q7	viral	357	17.378108083112203
P0C9U2	viral	528	16.169998600686682
P0C9W8	viral	176	16.29117298451276
P0C9X2	viral	962	16.498148575048297
P0C9X7	viral	77	14.63704789152433
P0C9X8	viral	73	14.682775494762842
P0C9Y8	viral	117	16.206525673560815
P0C9Y9	viral	117	16.379601018377898
P0CA14	viral	108	18.176084081162667
P0CA21	viral	112	18.480010498668058
P0CA27	viral	123	15.766743195283562
P0CA37	viral	129	18.47189206527248
P0CA45	viral	137	17.897481516925804
P0CA98	viral	209	15.594684552454076
P0CAA0	viral	205	15.647391442562697
P0CAB9	viral	257	17.952307846775227
P0CAC0	viral	257	18.011316789053826
P0CAE7	viral	335	17.782046511259182
P0CAF0	viral	345	18.374104625639347
P0CAH7	viral	480	12.007455563604136
P0CAI0	viral	543	14.294691828035374
P0CAI1	viral	570	13.214980094756989
P0CAJ2	viral	69	19.054177472293706
P0CAJ4	viral	69	19.255501498974134
P0CAM3	viral	66	15.087893967896433
P11037	viral	230	18.076867003310333
P12395	viral	959	18.75696305310215
P14670	viral	246	18.45834579671339
P16992	viral	109	16.089344718932374
P19692	viral	345	17.25535203616998
P20608	viral	901	17.963735239229596
P21287	viral	215	18.314701810109593
P22114	viral	560	17.54886090806581
P22473	viral	506	17.096432398996416
P23162	viral	319	17.916950038020655
P23163	viral	311	18.290740688544208
P23169	viral	177	16.716886279673584
P24729	viral	106	15.965030914516047
P26708	viral	124	19.475062628387185
P27194	viral	622	18.790304642499386
P27277	viral	632	18.193274596730785
P28890	viral	181	15.7567096335519
P32373	viral	245	19.03290600895235
P32508	viral	961	18.79022400343321
P32596	viral	586	17.642226936539384
P33246	viral	348	17.305508584409402
P33475	viral	526	16.350080899397387
P35934	viral	908	17.50099469520088
P41711	viral	119	18.17768755285855
P41713	viral	506	7.580381123003134
P41714	viral	81	12.442136769243149
P68765	viral	224	17.824042332217797
P81472	viral	245	18.4999406638419
Q04685	viral	229	16.642854460076286
Q06693	viral	109	17.082184192941458
Q07818	viral	179	17.984973778587186
Q0E558	viral	228	16.144039078787987
Q196X3	viral	980	15.673258596461839
Q196Y0	viral	241	17.392885097752426
Q4U3U9	viral	480	17.633509566472483
Q5I127	viral	132	12.485870497956707
Q5I141	viral	300	10.618106975747187
Q5I160	viral	174	14.272716138237522
Q65127	viral	357	17.415026434060284
Q65133	viral	60	17.15311884032248
Q65134	viral	69	19.190183465884317
Q65147	viral	205	15.647596628493888
Q65165	viral	438	17.64171798948455
Q65180	viral	312	17.372556996351392
Q65181	viral	205	17.995323583362875
Q65185	viral	171	16.962828790368192
Q65196	viral	301	16.840287807082166
Q65233	viral	111	17.98545403561135
Q65328	viral	321	16.166432907901395
Q65362	viral	243	19.091460891587232
Q65748	viral	901	18.018274789431423
Q82462	viral	647	16.466765808475415
Q85438	viral	509	18.224797294413392
Q85442	viral	189	15.294171811293515
Q86112	viral	1021	17.46397737350385
Q89904	viral	609	17.259207281515355
Q89925	viral	528	15.692533622608693
Q8JJY5	viral	461	17.464918403343805
Q8V9T3	viral	167	16.146121543110105
Q90115	viral	664	17.12411525003568
Q90157	viral	491	10.026659997218788
Q91F63	viral	290	12.440039675338575
Q91FE8	viral	360	10.262088759553592
Q992I9	viral	106	14.979572661447053
Q9E787	viral	278	16.528936964982353
Q9EMI7	viral	299	12.741779908537405
Q9EMX1	viral	165	8.765755073809627
Q9JAF2	viral	248	19.297871270033458
Q9QSK3	viral	530	9.967632656919749
A4KX73	viral	297	16.03694609437652
A4KXB1	viral	455	17.50661186529943
A7WNA9	viral	450	18.313064421364327
A7WNB2	viral	313	17.658453635259555
A9JLI2	viral	270	15.10190810240096
O10273	viral	160	12.142616234181409
O10305	viral	682	17.410131836371313
O10367	viral	53	13.744367065187072
O12934	viral	884	18.292991026805492
O18559	viral	248	19.34775494659452
O41353	viral	710	17.836795641152865
O55749	viral	195	10.366979111950785
O55764	viral	606	12.818687095082977
O92500	viral	375	15.628920817528883
P03539	viral	901	17.939125504581725
P05308	viral	956	18.682691793909463
P0C755	viral	184	17.02721792217684
P0C8G0	viral	208	17.42761589399219
P0C8I2	viral	327	12.105287373443813
P0C980	viral	80	19.1174919245739
P0C9A9	viral	513	14.22786532802483
P0C9B6	viral	205	18.055369280444637
P0C9C5	viral	165	16.574215673500216
P0C9D0	viral	386	17.13963656751775
P0C9D9	viral	147	16.11616917819469
P0C9E7	viral	359	17.421990840692647
P0C9E8	viral	359	17.41587347609399
P0C9G1	viral	269	14.854271797754203
P0C9G2	viral	270	14.404003920335978
P0C9G3	viral	269	15.181021214633715
P0C9G9	viral	125	19.738915748297458
P0C9H0	viral	125	19.410078035059644
P0C9H8	viral	122	18.46563498120907
P0C9J2	viral	117	18.12440251272256
P0C9J5	viral	286	16.379382328570554
P0C9K7	viral	268	18.594181356410715
P0C9P0	viral	352	17.616637955414593
P0C9P3	viral	353	17.473348294265364
P0C9Q6	viral	357	17.296330769597077
P0C9U4	viral	528	16.044070868071802
P0C9W0	viral	174	17.108330617921137
P0C9W1	viral	170	16.971170091366506
P0C9W2	viral	177	16.77105467979112
P0C9W5	viral	166	16.78583976378096
P0C9W9	viral	170	17.55403306256793
P0C9Y6	viral	121	15.507058970054036
P0C9Z0	viral	117	16.351979415021816
P0C9Z1	viral	193	17.294186543882873
P0C9Z7	viral	438	17.719998677512127
P0CA19	viral	140	10.515403044362623
P0CA28	viral	123	15.916258547456131
P0CA36	viral	129	18.654615182389023
P0CA56	viral	150	18.06253378138527
P0CA57	viral	151	18.6005130413681
P0CA71	viral	169	14.896277010769408
P0CA72	viral	162	16.24092798974311
P0CA99	viral	205	15.73978731484452
P0CAA2	viral	226	17.811039104574228
P0CAE3	viral	329	15.533012621888712
P0CAF1	viral	345	18.90497717569249
P0CAF6	viral	366	17.506824735571424
P0CAJ1	viral	71	19.79711259399239
P0CAK6	viral	83	19.272058697255066
P0CAK8	viral	81	19.021787114114204
P0CAK9	viral	81	19.4747143902437
P12434	viral	961	18.835754933685514
P17498	viral	297	14.592482047199828
P18557	viral	82	18.399052269370323
P18560	viral	270	15.142468948471738
P20587	viral	245	18.61028083195112
P21299	viral	286	17.42131795002671
P23164	viral	363	16.546119921313466
P24646	viral	249	18.64821172782027
P26000	viral	258	16.14415455036669
P26707	viral	124	19.352386816643136
P26710	viral	290	14.549428963731566
P27453	viral	358	18.705556336989932
P29077	viral	426	17.302216385698625
P29817	viral	464	16.107994637302035
P30318	viral	1014	14.512549829768172
P32555	viral	205	15.6535668515584
P33427	viral	644	18.40153090819382
P33428	viral	644	18.45201851293075
P33429	viral	644	18.440724557932917
P33732	viral	246	18.308144403395055
P41465	viral	516	17.56687797679738
P41469	viral	262	13.242129142176358
P42484	viral	147	16.129154013802083
P56582	viral	901	17.98255982368696
P68744	viral	118	18.49654912372381
P69363	viral	526	16.420805769500628
P89518	viral	631	17.134700897693655
Q01586	viral	246	18.33160384517031
Q05815	viral	467	17.606363225513636
Q05879	viral	186	6.980151700266929
Q05880	viral	185	6.7606109431479915
Q05894	viral	351	16.13361924563972
Q06690	viral	84	13.545259897429592
Q0E588	viral	592	17.049141713058017
Q0E589	viral	250	16.951399537761084
Q196T9	viral	941	15.509159105361336
Q196V1	viral	329	14.491835398677791
Q196Y2	viral	347	14.354910286278706
Q197A5	viral	137	18.14195505543642
Q197A8	viral	756	16.243716169109334
Q197B2	viral	376	12.065288409762795
Q197D6	viral	491	15.728510867037468
Q197D9	viral	206	16.38977331967454
Q197F0	viral	559	17.94481484425096
Q197F6	viral	451	17.121282085618326
Q4ZJZ1	viral	346	5.79177801490859
Q4ZJZ3	viral	343	5.436197509379774
Q5EFR1	viral	167	14.181079351623161
Q5I125	viral	163	14.921542825153551
Q5I126	viral	183	12.797479257659571
Q5I128	viral	318	10.638459898778173
Q5I144	viral	192	15.7723489866077
Q5I154	viral	140	17.59141742197494
Q5IZJ5	viral	646	19.221966888684005
Q65141	viral	276	17.226072907756116
Q65148	viral	424	18.124791424381588
Q65162	viral	962	16.464536001170163
Q65166	viral	169	15.267212131866842
Q65173	viral	407	14.485355037650992
Q65175	viral	263	18.752433455524276
Q65187	viral	339	17.093473401323735
Q65190	viral	240	17.855121097758587
Q65191	viral	509	14.144739318416306
Q65204	viral	66	18.439480358896855
Q65208	viral	542	16.144470176895855
Q65232	viral	339	16.70079612397695
Q65236	viral	376	16.83186636481431
Q65750	viral	901	18.0351698548013
Q89702	viral	489	16.681046236474224
Q89907	viral	339	17.88137196448668
Q8V9T2	viral	486	13.236747261935045
Q90158	viral	493	9.650661135047283
Q90162	viral	990	14.790138877772716
Q91B74	viral	248	19.01115969833698
Q91F87	viral	296	10.743651515430537
Q91FH5	viral	140	16.108417091812964
Q91FS1	viral	213	6.393102800327493
Q91GH8	viral	826	17.027802515346828
Q9E785	viral	223	18.02092554943463
Q9YKK9	viral	78	17.21247584045635
Q9YW20	viral	298	14.54651888614007
A4KX71	viral	944	15.87211126221039
A4PBQ0	viral	206	16.02187327487229
A7WNB0	viral	298	17.395423116526146
D0QX25	viral	511	18.38418306291585
D8V070	viral	428	18.607175165416493
O10269	viral	274	12.402310971850103
O10330	viral	374	14.842341620323687
O10333	viral	367	17.311112538137333
O12705	viral	248	19.063160843128816
O39164	viral	462	17.067113672005334
O55737	viral	142	8.063592606190609
O55761	viral	264	10.60734826250849
O57030	viral	909	17.741232443905133
P05309	viral	955	18.805511289001295
P07488	viral	245	18.68498589967624
P08357	viral	92	11.756841647072683
P0C8H0	viral	859	16.052886560503236
P0C8H4	viral	179	18.176755788575765
P0C965	viral	239	15.306961485944315
P0C967	viral	424	18.097052724310693
P0C9B8	viral	273	17.087842124045228
P0C9D1	viral	383	16.609604422388774
P0C9D2	viral	475	17.571896240998868
P0C9D7	viral	147	16.125316671350046
P0C9G4	viral	269	15.0767754183685
P0C9H5	viral	120	19.207659900097028
P0C9H9	viral	118	18.21830682579453
P0C9I9	viral	290	14.374421387212358
P0C9K6	viral	268	18.353185425113402
P0C9U3	viral	528	15.486124942222263
P0C9U5	viral	528	16.10196626667978
P0C9W3	viral	177	16.79200406170862
P0C9W4	viral	166	16.86173372118801
P0C9X1	viral	962	16.49305552397608
P0C9Z2	viral	200	17.080490029563588
P0CA22	viral	105	17.827599587985162
P0CA46	viral	137	17.10151198292578
P0CA47	viral	137	17.10362416417226
P0CA52	viral	146	17.629873346242455
P0CA55	viral	150	17.16228204071837
P0CA94	viral	199	17.417862525949083
P0CA95	viral	199	17.47569389328752
P0CAA1	viral	226	17.804827583850305
P0CAE9	viral	339	17.82779085840453
P0CAH8	viral	487	13.122689142737508
P0CAJ3	viral	69	19.0740719926674
P0CAK7	viral	83	18.991077236425564
P0CAN4	viral	339	16.89602021599692
P11041	viral	248	18.92800996509655
P12423	viral	246	18.667473195440127
P12828	viral	353	18.290758131962146
P13841	viral	229	16.899456726766385
P17381	viral	351	17.42220683579924
P18555	viral	196	12.541946193421511
P21230	viral	480	16.076491587928754
P23167	viral	360	17.324316647468645
P25999	viral	258	16.1124463283146
P26713	viral	327	11.941728718782015
P28852	viral	182	6.6194017282247275
P28977	viral	512	18.084626417882948
P29249	viral	509	18.207733271142217
P29816	viral	143	16.474242576836577
P30209	viral	526	16.264685433220105
P34053	viral	645	17.315071062594367
P36293	viral	258	16.605553797220665
P36294	viral	258	16.415975339041168
P36701	viral	253	19.00266747758443
P36865	viral	312	13.884390168953423
P41482	viral	122	16.423526937443995
P41677	viral	226	17.932920620719145
P41716	viral	560	17.6680426433585
P41723	viral	901	17.61133818392063
P42488	viral	80	18.90020004370119
P54232	viral	902	17.712826458204855
P87577	viral	248	19.129036176756344
Q06906	viral	229	17.025642868249268
Q06VC2	viral	974	16.326288247806186
Q08539	viral	553	16.194876228989397
Q0E592	viral	978	16.41644892456759
Q196Y4	viral	380	15.391096695082055
Q196Z3	viral	240	15.131216384694556
Q197B3	viral	407	14.27959161275513
Q197E6	viral	466	17.61346713979476
Q197F4	viral	494	16.21581724019868
Q27YG7	viral	931	17.150775646849787
Q2Y0E5	viral	540	17.297679293843892
Q4ZJY7	viral	515	3.6545921737508165
Q5I124	viral	319	17.60967970827638
Q5I129	viral	139	13.408966998992
Q5I140	viral	127	14.428049506804074
Q5I143	viral	182	9.647359912730845
Q5I149	viral	176	14.08618165063903
Q5I155	viral	167	14.370103853060046
Q5I159	viral	181	14.02956217118153
Q5MAE6	viral	248	16.552034386833828
Q65123	viral	353	18.313662597080857
Q65143	viral	859	16.016388819773365
Q65158	viral	257	18.068929982415135
Q65159	viral	475	17.383130444486376
Q65169	viral	602	11.534222207779115
Q65172	viral	117	16.97435073579429
Q65178	viral	123	15.728188372991431
Q65184	viral	359	17.37553116408438
Q65213	viral	96	17.053377794317736
Q65221	viral	335	17.820651487684056
Q65224	viral	205	18.025497630292094
Q65228	viral	273	16.955029218979618
Q65243	viral	162	16.526040726590818
Q65244	viral	236	16.07310363106292
Q65245	viral	122	16.125097532059048
Q65250	viral	226	17.54055350167422
Q65363	viral	489	9.432355658881027
Q66209	viral	355	16.05022680292051
Q80A33	viral	304	18.17315486031086
Q83948	viral	985	14.58707302014671
Q85440	viral	351	17.6238174466304
Q89669	viral	660	18.057048205340077
Q89705	viral	268	18.602016468098356
Q89829	viral	93	13.758209155197468
Q89914	viral	324	19.053991215537376
Q8V9S9	viral	614	11.417677162064207
Q8V9T4	viral	437	17.712218347007926
Q8V9U4	viral	962	16.430466977597444
Q91F73	viral	138	15.358011189041571
Q91FG3	viral	542	15.10375170956493
Q91FG9	viral	182	14.315759295325229
Q91FH7	viral	111	18.540360574147
Q91FS8	viral	282	13.64797222614258
Q91FT7	viral	265	12.005477531404857
Q91ID6	viral	561	17.61918762111451
A9JLI3	viral	104	18.51621458816568
A9JLI7	viral	124	19.39402185231486
D8V072	viral	253	16.800734016352056
G9HXM2	viral	527	18.497880967801255
O10308	viral	249	11.82066309307838
O10372	viral	297	17.265553648010687
O11452	viral	224	17.898172799197965
O12933	viral	152	6.128104730891374
O39163	viral	484	17.391247194032868
P0C758	viral	136	9.352887415247187
P0C8F5	viral	243	16.991283732493944
P0C8I3	viral	185	12.062409287829734
P0C8I5	viral	188	12.240942221173006
P0C969	viral	424	18.093540920786836
P0C9A8	viral	513	14.22017731696195
P0C9B0	viral	509	14.084992824583704
P0C9B9	viral	273	16.872458872323396
P0C9E4	viral	104	13.547091114599404
P0C9H1	viral	124	18.827251290104158
P0C9H3	viral	124	19.06254273155587
P0C9J0	viral	290	14.926609669228721
P0C9J1	viral	290	14.454368192787278
P0C9J3	viral	272	15.769746989903808
P0C9K4	viral	268	18.485020774544612
P0C9P7	viral	353	17.504996639926887
P0C9W6	viral	177	16.187175047687443
P0C9W7	viral	170	17.511128609315055
P0C9X4	viral	224	18.24527870324339
P0C9X9	viral	78	15.01218650146035
P0C9Y0	viral	78	14.58226397522542
P0C9Y7	viral	122	16.18187706402287
P0C9Z3	viral	186	18.044812851506055
P0C9Z4	viral	186	17.986015781081587
P0C9Z5	viral	438	17.6490044821246
P0CA26	viral	123	15.590903741246866
P0CA29	viral	123	15.684091573420245
P0CA38	viral	129	18.181779213415638
P0CA44	viral	137	17.675129303555046
P0CA54	viral	146	17.418086775462502
P0CA70	viral	164	16.258799993068628
P0CA96	viral	200	17.367516986168525
P0CA97	viral	209	16.280708647881553
P0CAB8	viral	257	18.17633976041322
P0CAG4	viral	412	14.126759169135784
P0CAH9	viral	474	13.402728010626571
P0CAI2	viral	550	14.38196647791617
P10350	viral	357	17.338680004233584
P10550	viral	475	18.210468345540182
P12435	viral	901	17.934784853685183
P12436	viral	526	16.363554601382763
P12647	viral	526	18.516770837326835
P21286	viral	182	7.912339552960483
P22472	viral	1019	17.407280402360506
P23165	viral	356	16.978143198940085
P23166	viral	362	16.661637497112217
P23705	viral	229	16.64863679038236
P24081	viral	424	15.980637000376896
P24705	viral	151	5.756113450902228
P26001	viral	258	16.241326824954594
P27942	viral	66	19.344443193536474
P27944	viral	226	17.77458219510183
P29999	viral	194	17.85613854797834
P30786	viral	246	18.693853150156155
P31036	viral	246	18.14747940553702
P32595	viral	623	18.339761189753165
P33245	viral	587	17.07992398838631
P35935	viral	356	18.346277431419328
P41416	viral	53	12.669559331814549
P41428	viral	690	17.29486689440308
P41468	viral	192	18.085937225509525
P41656	viral	173	16.45994778804822
P41668	viral	204	17.789272206661998
P41705	viral	376	15.481443965703134
P41718	viral	379	15.420234570885464
P41719	viral	267	10.648072146472515
P69037	viral	214	16.19357120970272
Q00732	viral	387	17.994821611285087
Q04684	viral	229	16.706662316052725
Q05120	viral	93	3.882875416455481
Q06997	viral	961	18.838310368761775
Q07819	viral	179	18.1415354985107
Q196V6	viral	186	13.592044692971944
Q196X6	viral	844	12.390438624552884
Q197B6	viral	335	13.83188577083287
Q197D1	viral	193	10.710973205980391
Q5I137	viral	299	14.829317881073015
Q5I138	viral	251	18.647202494938426
Q5I142	viral	261	12.14037279683811
Q5I147	viral	336	13.533932525752347
Q5IZI7	viral	646	19.140893155071563
Q5K5C1	viral	288	18.313160477461807
Q65111	viral	429	17.94986831921796
Q65121	viral	353	18.203878816218015
Q65132	viral	83	19.338084187992454
Q65145	viral	165	17.821135854548828
Q65154	viral	129	18.402636532654075
Q65218	viral	150	13.039446344670399
Q65225	viral	345	18.616946454517667
Q65240	viral	146	17.5831779049355
Q65365	viral	373	18.061913664146314
Q65474	viral	431	18.01764760019236
Q82484	viral	415	14.38311864387693
Q85443	viral	312	16.879005087282266
Q85448	viral	506	16.92886280270608
Q86780	viral	312	16.60850752800452
Q88168	viral	515	8.534185521481476
Q89777	viral	498	16.29031850089341
Q8V9S1	viral	120	13.579444618460762
Q8VAK2	viral	641	14.366654184747368
Q91F68	viral	495	15.7968558679302
Q91F72	viral	184	16.568048372134115
Q91FB1	viral	192	13.012325034762345
Q91FF5	viral	415	13.704884657274919
Q91FI1	viral	462	14.290336914031796
Q91FU0	viral	671	9.98936773901315
Q91FU7	viral	449	14.252374615071599
Q91FW5	viral	615	12.27577398672593
Q9IMM3	viral	137	15.121670177734723
Q9YMS9	viral	187	17.634228491854042
A7WNB1	viral	222	18.91652389014384
D0QX26	viral	777	17.761017967735953
D0UFC8	viral	688	18.17972459925452
O10302	viral	498	8.770216095431795
O10620	viral	175	16.38964827610461
O55708	viral	456	16.207020265021022
O55748	viral	292	15.622676911853768
O55759	viral	442	12.06432766731715
O55768	viral	971	16.037982297950617
P06502	viral	247	19.601175007046454
P07389	viral	526	16.316559921246334
P0C753	viral	71	15.86631491693286
P0C754	viral	185	17.214753585739434
P0C8H2	viral	859	15.962336239083475
P0C8H3	viral	859	15.969671541664207
P0C8I6	viral	196	12.578654083338328
P0C970	viral	424	18.14582235652898
P0C9B4	viral	205	18.00877478277875
P0C9B7	viral	273	17.08410662026752
P0C9D3	viral	475	17.480302683207086
P0C9D4	viral	475	17.54038622271817
P0C9J6	viral	302	15.52606297256455
P0C9P4	viral	356	17.43401171607494
P0C9X0	viral	184	15.909330875383692
P0C9X3	viral	962	16.507363322817703
P0C9Y1	viral	62	14.863610216525377
P0C9Y2	viral	62	15.080978071967523
P0C9Y5	viral	121	16.323579299222512
P0CA20	viral	112	18.068848131196894
P0CA53	viral	146	17.448644902109958
P0CAA3	viral	226	17.62556129878888
P0CAB0	viral	249	15.764875040967008
P0CAB1	viral	248	15.567280511519424
P0CAB2	viral	248	15.710764781586073
P0CAB7	viral	257	18.22883002141781
P0CAE8	viral	339	17.849941089302263
P0CAF2	viral	345	18.36372085494761
P0CAG5	viral	412	14.134352865848497
P0CAM0	viral	66	15.261130924999947
P0CAN3	viral	339	16.709908922101476
P0CAN5	viral	339	16.94242163953356
P16091	viral	264	13.357015212105878
P18162	viral	464	17.27249534200963
P18569	viral	506	9.678251438702967
P22115	viral	246	18.444514826382388
P22166	viral	472	17.39422456151261
P23065	viral	357	17.79095607967396
P25179	viral	526	16.027451317550227
P26002	viral	464	17.98445065606427
P29078	viral	320	18.027943138267414
P30319	viral	964	13.930383302878452
P31035	viral	247	19.825604113203262
P31354	viral	299	17.424553878332844
P32932	viral	357	17.250276111198076
P34052	viral	88	12.49081306937983
P36345	viral	322	16.96981465434003
P36869	viral	216	17.024506321903353
P41427	viral	382	18.111473791631195
P41429	viral	169	16.718903123161482
P41447	viral	506	8.49814778640556
P41458	viral	365	19.22790262684546
P41672	viral	530	18.16231305276813
P41678	viral	198	16.898521991103383
P41712	viral	986	14.17721535766229
P89216	viral	454	19.398479799500823
Q04686	viral	229	16.654246418765215
Q04687	viral	229	16.48697738439689
Q05054	viral	312	16.435877699088834
Q06687	viral	379	14.968455423024265
Q06694	viral	233	16.834270341237175
Q06998	viral	959	18.56400249349256
Q06VD4	viral	233	15.141320933785876
Q196U9	viral	169	15.569756298146752
Q196V9	viral	333	16.068888844590532
Q196W4	viral	148	16.3226336083839
Q197B9	viral	129	14.594768007307465
Q25469	viral	245	18.46513309727783
Q3KSM3	viral	1014	18.2372068643747
Q5I139	viral	297	17.904579098076667
Q5I145	viral	320	10.130779067620058
Q5I148	viral	168	14.204972930608811
Q5I156	viral	164	13.743705144808226
Q65167	viral	475	13.552592714021635
Q65182	viral	345	18.59253227977445
Q65188	viral	108	18.08798124012249
Q65192	viral	383	17.053389991848405
Q65197	viral	146	17.491446305830035
Q65205	viral	267	18.64246383220788
Q65223	viral	117	16.102315620190115
Q65229	viral	359	17.439632334698246
Q65239	viral	301	17.038377372293066
Q65242	viral	199	17.643577189539517
Q65749	viral	901	17.982289721004694
Q66112	viral	248	19.186157627504663
Q83140	viral	528	9.264221321356981
Q83953	viral	374	15.473030627002188
Q85434	viral	353	18.149396233202946
Q85435	viral	506	17.33888669863808
Q85446	viral	351	17.700495174122057
Q85450	viral	351	17.73584867535639
Q89576	viral	509	14.036113030519212
Q89642	viral	280	16.342781269968324
Q89740	viral	506	16.61280048074245
Q89768	viral	505	15.906478734866122
Q89869	viral	542	16.42274773681155
Q91FD5	viral	411	8.945688157783033
Q91FX3	viral	266	15.123231347639056
Q98166	viral	460	9.944287467265884
Q98630	viral	1019	17.389116076844076
Q9QSK5	viral	624	13.581840647819257
Q9WBI3	viral	295	5.948290949212631
Q9YNA4	viral	769	18.46323134511287
Q9YW29	viral	760	15.14130288393552
A0A097SRX8	viral	64	18.8482299977643
D0UFC7	viral	733	18.1440443338585
D8V073	viral	170	19.423526227641
D8V077	viral	109	16.81940249863083
O10270	viral	474	11.806726536461513
O10277	viral	207	18.15206195535899
O10319	viral	489	17.94641074992897
O10347	viral	108	15.499193385728512
O55727	viral	175	14.62068316691085
O55730	viral	122	16.44194484022991
O55760	viral	152	17.69929247881466
P0C9F8	viral	146	15.263714505041305
P0C9G0	viral	146	15.552500800818116
P0C9I6	viral	124	19.150949284402536
P0C9I7	viral	124	19.083565222917983
P0C9K1	viral	157	19.090327537243343
P0C9K3	viral	127	19.475587318948932
P0C9K8	viral	160	16.761680745221362
P0C9L8	viral	360	17.216009552583476
P0C9M1	viral	356	17.00928391879811
P0C9M3	viral	360	17.06064906973187
P0C9M6	viral	356	16.587225495545574
P0C9N3	viral	373	16.748605970139042
P0C9N4	viral	375	16.688500933410364
P0C9N9	viral	319	17.30899124062051
P0C9P9	viral	350	17.00351416400595
P0C9Q1	viral	350	17.038978598227466
P0C9Q4	viral	353	16.87579402656616
P0C9R0	viral	276	17.376749145709805
P0C9R7	viral	364	17.233701324735954
P0C9S0	viral	362	16.653360980269554
P0C9S5	viral	531	16.514393912103845
P0C9S6	viral	531	16.610998414358797
P0C9T3	viral	506	15.493599717714806
P0C9T4	viral	501	15.657769761601958
P0C9U0	viral	518	15.51920893401169
P0C9U6	viral	508	15.979951200554652
P0C9U9	viral	506	16.58014018194051
P0C9V0	viral	541	16.241408142073514
P0C9V2	viral	543	16.497904702012015
P0CA35	viral	125	16.35429145756751
P0CA51	viral	145	16.344519166885323
P0CA60	viral	151	17.969115352355132
P0CA67	viral	165	17.997271539229892
P0CA76	viral	175	18.31272386289669
P0CA77	viral	175	18.138897270100234
P0CA78	viral	175	18.861648670215427
P0CA84	viral	183	18.255182020524252
P0CA85	viral	183	18.515971786231134
P0CA86	viral	183	18.38988640058384
P0CA87	viral	184	16.58652157339575
P0CA90	viral	196	13.328168810597658
P0CAC7	viral	267	18.80982947540326
P0CAD0	viral	301	16.902648110480055
P0CAD4	viral	312	17.13443535973352
P0CAD6	viral	315	16.776289573741515
P0CAD9	viral	316	18.222385906654292
P0CAF3	viral	354	16.68052127131783
P0CAF5	viral	354	16.848259542707577
P0CAH2	viral	423	17.28008663815374
P0CAH3	viral	448	18.28945864287
P0CAH5	viral	448	18.169303393504126
P0CAI5	viral	62	18.348775208765126
P0CAI8	viral	73	19.3265796573111
P0CAK0	viral	72	15.521721483377137
P0CAK2	viral	72	15.119391807933823
P0CAL4	viral	83	13.111821437505416
P0CAL6	viral	83	13.293735505244456
P0CAN0	viral	235	15.202767878509876
P0DTI2	viral	56	15.9499762506212
P14245	viral	552	19.276543760310677
P26003	viral	467	17.901313775871525
P26702	viral	117	18.443151647103825
P26704	viral	119	18.719498255624316
P26705	viral	121	19.262581920894487
P26706	viral	121	18.70618963251729
P26711	viral	375	16.270142417544175
P26712	viral	382	16.63656642260078
P35840	viral	356	17.58643131917062
P35933	viral	552	19.29790807783694
P41727	viral	240	16.746609499721654
Q06692	viral	104	12.521978378442395
Q06VK9	viral	231	15.305071180317807
Q0PI71	viral	232	19.181506091300935
Q196U1	viral	126	16.19606550974385
Q196U6	viral	145	15.844725908819
Q196W6	viral	829	14.477904133768831
Q196X5	viral	161	16.55645484702479
Q197A1	viral	560	14.147184497010313
Q197A9	viral	282	18.16795622270589
Q197C6	viral	266	16.710825256356113
Q197C7	viral	194	13.948466016706035
Q197E5	viral	142	18.027023347662546
Q4ZJZ2	viral	103	15.504903669175802
Q65114	viral	543	16.503664214961475
Q65144	viral	317	18.231046662973373
Q65149	viral	152	17.77655287698273
Q65153	viral	448	18.135961070344642
Q65186	viral	124	19.0362188900771
Q65189	viral	233	17.487655926805886
Q65210	viral	146	15.617135487059329
Q65219	viral	79	13.974099783216172
Q65230	viral	175	16.58973296658546
Q65235	viral	241	17.897686338519215
Q65237	viral	184	16.739017100517607
Q65238	viral	423	17.290859396877305
Q65249	viral	267	18.61232641828977
Q65258	viral	352	18.09335111298446
Q83951	viral	172	17.55327137130688
Q8QL85	viral	120	17.57585154249437
Q8V9R9	viral	421	15.400724865252899
Q8V9S2	viral	125	16.364307584166163
Q8VBE2	viral	84	15.311005626207274
Q91BI6	viral	144	18.195903381126982
Q91FL6	viral	73	16.029285618749263
Q91FM2	viral	378	15.581234687502748
Q91FU3	viral	443	17.413066769241688
Q91FW9	viral	419	15.529350431818825
A0A097SRX3	viral	328	18.567344426605775
O10300	viral	399	18.18425893040635
O55734	viral	120	16.236208538178694
O55742	viral	178	15.690995986011677
O55750	viral	155	15.028287141347862
O92404	viral	112	19.15057944666222
P0C740	viral	282	16.198757159103103
P0C9F2	viral	124	17.296112211347847
P0C9G6	viral	113	19.073489907067167
P0C9I3	viral	125	17.47400653006105
P0C9I8	viral	124	19.52820697554006
P0C9M4	viral	356	16.947091815718487
P0C9M7	viral	355	16.4382956646117
P0C9M9	viral	387	16.843219039526925
P0C9N2	viral	375	16.45162240790575
P0C9Q9	viral	269	16.974472146245994
P0C9R1	viral	271	16.929032322082268
P0C9R2	viral	352	18.091026128993484
P0C9R4	viral	352	18.132800538267233
P0C9S9	viral	517	16.294121297068575
P0C9T1	viral	280	16.29780452383834
P0C9T5	viral	501	15.592349783976793
P0C9T6	viral	502	16.29614541464982
P0C9T7	viral	502	16.41113850408399
P0C9T8	viral	498	16.217367641305465
P0CA17	viral	111	17.5155462936139
P0CA50	viral	145	16.284645089842986
P0CA61	viral	150	17.845043384358682
P0CA75	viral	171	16.828973219100476
P0CA82	viral	66	18.22893867403543
P0CAA5	viral	233	17.394440212377237
P0CAC4	viral	263	18.65961941117956
P0CAD5	viral	316	16.673070138869765
P0CAG1	viral	385	18.214424076558497
P0CAG3	viral	410	14.806089621458675
P0CAG6	viral	419	17.85939988792483
P0CAG7	viral	420	17.844894474333913
P0CAH4	viral	446	18.28465831097525
P0CAJ9	viral	73	15.491387192451063
P0CAK5	viral	79	14.229266370412548
P0CAL7	viral	83	13.874313973903833
P0CAM6	viral	129	15.434303484331172
P0CAM9	viral	233	15.332763020925555
P0DJY2	viral	92	19.588962847766076
P16594	viral	353	18.093260523598907
P18559	viral	104	18.762088675018557
P32931	viral	552	19.225656456333102
P41475	viral	53	17.397613077373776
P41661	viral	105	16.2711936887541
P41664	viral	67	18.17601041153758
P41675	viral	62	16.9499001969654
P41728	viral	162	17.15388770653124
Q05124	viral	125	18.151205073398316
Q06VD5	viral	266	16.07313812023869
Q06VD9	viral	410	13.997801478012326
Q0E590	viral	252	17.952239364286193
Q196T8	viral	67	17.382583384208317
Q196V4	viral	473	9.960771777292027
Q196V5	viral	246	16.709661918857066
Q196W7	viral	301	19.07475869461284
Q196X7	viral	192	16.39549117434941
Q196Z0	viral	282	14.821085789601502
Q196Z2	viral	201	12.289150766900068
Q196Z7	viral	212	19.24500963116188
Q197B8	viral	159	16.034044315958095
Q197D3	viral	171	18.77429114104779
Q197E8	viral	373	18.142327041856607
Q65126	viral	353	16.06607704734068
Q65139	viral	118	17.766472914241547
Q65156	viral	717	18.132731367254536
Q65160	viral	315	16.865597528531158
Q65161	viral	62	17.995319292943908
Q65168	viral	354	16.77961772005338
Q65207	viral	63	17.778049045890775
Q65209	viral	141	18.16473381425426
Q89445	viral	129	15.48527576412732
Q89675	viral	79	13.993707165718687
Q8V9S7	viral	385	18.084277172669587
Q91F69	viral	294	17.872323372207813
Q91FD1	viral	454	17.044931066998437
Q91FF6	viral	93	11.685745105069852
Q91FG6	viral	152	16.48539727782807
Q91FJ5	viral	378	17.595528140522568
Q91FL2	viral	92	15.473513901144079
Q91FL8	viral	312	15.608384190677342
Q91FN5	viral	417	15.498199383070151
Q91FN7	viral	315	16.25765261915758
Q91FV5	viral	160	16.513342676229417
Q91G85	viral	85	18.761918693028697
A4KXB2	viral	239	18.648247296495335
A4KXB3	viral	225	16.196961389279366
A4KXB4	viral	242	17.827408319617895
O10282	viral	657	17.3682954624949
O10332	viral	104	11.504437275297793
O10337	viral	55	15.784213815001905
O10351	viral	72	19.863089883074444
O10358	viral	529	17.419581846002934
O10362	viral	211	17.08145112085661
O10365	viral	644	17.24002187108656
O55706	viral	179	15.898554593187285
O55712	viral	313	17.40882435231743
O55720	viral	602	16.963225131845135
O55745	viral	65	15.906179138082974
P07131	viral	552	19.26083682813123
P0C9F1	viral	126	17.615743349632996
P0C9F4	viral	141	18.193287609579475
P0C9F7	viral	146	15.763894066682067
P0C9J7	viral	130	17.43712112436956
P0C9L0	viral	160	16.35601108058554
P0C9L3	viral	104	19.369900133115912
P0C9M2	viral	351	16.086237859986536
P0C9Q0	viral	351	16.768463831827752
P0C9Q3	viral	353	16.47075116332371
P0C9Q8	viral	276	17.325365810731693
P0C9S1	viral	364	16.0330389473802
P0C9S4	viral	530	16.77770555530468
P0C9T2	viral	506	15.661604128021745
P0C9T9	viral	498	16.40067531412582
P0C9V1	viral	543	16.67050635155321
P0C9V4	viral	542	16.008623660868686
P0C9V5	viral	542	16.046607179161914
P0CA16	viral	111	17.259046800550074
P0CA18	viral	111	17.45335474948461
P0CA32	viral	124	18.741491815807805
P0CA48	viral	145	16.57210170181722
P0CA49	viral	145	16.080018274234106
P0CA68	viral	165	17.874292106035195
P0CA73	viral	175	17.138770270958393
P0CA74	viral	171	16.71211219321034
P0CA81	viral	66	18.13028461243975
P0CA88	viral	184	16.50186611838247
P0CA91	viral	221	9.876173425308515
P0CAA8	viral	240	17.62340146883379
P0CAA9	viral	236	17.598771252294345
P0CAC5	viral	267	18.78827533123445
P0CAD3	viral	312	17.111312585742088
P0CAE2	viral	317	18.38317497047124
P0CAG0	viral	385	18.10855066582719
P0CAG2	viral	385	18.138330749782416
P0CAG9	viral	422	17.935332188234728
P0CAJ5	viral	718	18.02327590102639
P0CAJ6	viral	717	17.937945085675594
P0CAJ7	viral	717	18.090288580545103
P0CAK3	viral	79	13.81536058849781
P0CAL5	viral	83	13.05811899696876
P0CAM4	viral	140	16.709434838450502
P0CAM7	viral	257	13.616400123283613
P24651	viral	411	18.813718036601582
P24653	viral	354	16.800822139940074
P27946	viral	73	15.232104844144096
P33471	viral	552	19.149017988275382
P41444	viral	181	15.131681767492433
Q06372	viral	282	18.620280161029353
Q06691	viral	180	16.852791258228713
Q196U8	viral	112	17.630394561826765
Q196V3	viral	262	16.21857790777067
Q196W1	viral	462	15.180706326836356
Q196X2	viral	261	16.098143068749042
Q196Y6	viral	834	15.130267625342345
Q196Z1	viral	423	18.024986221536544
Q196Z9	viral	488	17.546262852248283
Q197A0	viral	284	16.93837465608568
Q197A4	viral	344	17.305483828698506
Q197B7	viral	64	16.712403062638693
Q197C1	viral	443	17.402935665303584
Q197D4	viral	226	18.199717094949513
Q197D5	viral	178	16.648890830357487
Q197F5	viral	217	15.703170260656675
Q4ZJY9	viral	103	15.58432575412577
Q65122	viral	355	17.817796539995076
Q65125	viral	349	16.44139996020609
Q65183	viral	183	18.312068960566897
Q65195	viral	423	17.219580939352362
Q65206	viral	238	14.631461877304696
Q65227	viral	183	18.444418081305734
Q65234	viral	233	17.289878278727
Q65259	viral	542	16.122741011764838
Q65269	viral	357	16.74807887882667
Q65370	viral	204	18.87237248804306
Q89554	viral	154	16.246760478078112
Q91FC9	viral	151	18.438587928607955
Q91FD6	viral	347	16.822450418875448
Q91FG7	viral	164	16.047349403327818
Q91FH4	viral	207	18.33750946999632
Q91FI2	viral	88	16.61774429496933
Q91FI7	viral	412	16.446084950159378
Q91FI9	viral	331	16.896636560983634
Q91FL5	viral	217	17.82857721391099
Q91FW7	viral	160	16.796212294493564
Q91FX2	viral	472	15.94924233276671
Q91G84	viral	120	16.608281822262526
Q91G88	viral	352	15.344633741898814
Q91ID2	viral	248	18.846216897117223
Q9J818	viral	104	18.121088459723733
Q9JGV3	viral	356	18.467871612283805
A4KX72	viral	376	18.192446131190636
O10276	viral	197	16.517949711370754
O10278	viral	355	18.59266526440388
O10284	viral	205	16.77369391791368
O10360	viral	70	15.635413249784913
O55726	viral	68	16.039010920479267
O55732	viral	249	16.812029618330275
O55758	viral	53	15.43461259270176
P0C757	viral	95	17.172490041741977
P0C9F0	viral	122	17.310282972553114
P0C9F3	viral	141	18.389728559600144
P0C9F9	viral	147	16.34727446288217
P0C9G7	viral	116	18.00202646662172
P0C9I1	viral	137	18.148041884766872
P0C9I4	viral	137	17.575977255230487
P0C9I5	viral	124	19.309832899415323
P0C9J9	viral	171	17.842269607347795
P0C9L6	viral	331	18.440157403790934
P0C9L9	viral	364	16.359805809066224
P0C9N1	viral	386	16.511547461828158
P0C9Q2	viral	353	17.024648386047343
P0C9S3	viral	307	15.822192991913465
P0C9S7	viral	526	15.784262737325513
P0C9S8	viral	517	16.34469842237194
P0C9U7	viral	506	16.579108477526937
P0C9U8	viral	506	16.56754276313856
P0C9Z6	viral	438	18.119096862856065
P0CA13	viral	110	18.363790907116954
P0CA30	viral	125	19.226463213909682
P0CA31	viral	124	18.864553934930946
P0CA33	viral	125	16.33004103984209
P0CA59	viral	150	18.14788179274969
P0CA62	viral	150	18.016998954835557
P0CA80	viral	51	18.030070871130118
P0CA89	viral	184	16.511803346690403
P0CA92	viral	200	13.326074881955712
P0CAA7	viral	236	18.161485997121076
P0CAC3	viral	263	18.77053156008233
P0CAC6	viral	267	18.921535220203104
P0CAC8	viral	301	16.76969923255004
P0CAC9	viral	301	16.88794535427034
P0CAD1	viral	306	17.104876101272765
P0CAE0	viral	318	18.333824241861326
P0CAH1	viral	423	17.355082660368645
P0CAI9	viral	73	18.723055665314362
P0CAL8	viral	74	15.875339518367133
P0CAM8	viral	249	13.987616298695334
P0DTH8	viral	50	18.410834264901567
P17500	viral	351	17.112528366071714
P17578	viral	235	18.458504226646085
P25097	viral	138	16.45723628047272
P26709	viral	137	17.692419693913436
P27943	viral	196	13.59205441476337
P35931	viral	552	19.141125897258544
P35932	viral	552	19.267028029505884
P36326	viral	269	18.914868773931605
Q06VN8	viral	977	16.989533774318527
Q197C4	viral	258	15.187743998208656
Q197E0	viral	165	15.2392026765638
Q197E1	viral	406	15.54629113220617
Q197E2	viral	165	18.064803419766267
Q197F9	viral	148	19.36202779765661
Q65124	viral	530	16.622856033899822
Q65170	viral	385	18.19251119256433
Q65203	viral	111	17.298631984433708
Q65214	viral	60	18.021299350852722
Q65231	viral	124	18.69167827926971
Q80LT4	viral	118	17.29944861813003
Q85436	viral	727	17.786049115997702
Q85447	viral	353	18.117178915750817
Q8B9L3	viral	112	18.127903018097076
Q91F60	viral	90	18.8835030925016
Q91F89	viral	305	17.271906466065246
Q91FD3	viral	294	15.107655714313417
Q91FE6	viral	193	11.896936472137059
Q91FG5	viral	346	16.66155010357479
Q91FJ2	viral	234	16.072555646310715
Q91FL1	viral	358	15.203848054332155
Q91FL7	viral	197	13.410767000877803
Q91FP2	viral	383	16.538772200093355
Q91FT4	viral	440	16.437590224631773
Q91FV8	viral	522	17.834852298098557
A0A097SRV6	viral	57	15.3383681038536
A4PBP9	viral	511	18.24182511948447
D8V074	viral	149	18.490773029331674
O10311	viral	80	15.487801282622524
O10344	viral	263	18.4017765967777
O55711	viral	258	14.606659380756284
O55740	viral	201	16.604334447648622
O55743	viral	57	12.154824899285162
O55754	viral	255	17.251760890955346
O55756	viral	152	14.555136347998909
O55763	viral	246	16.768199971624604
O55772	viral	174	14.684399884573656
P0C759	viral	95	17.26844773996479
P0C9F5	viral	141	18.320636933662538
P0C9F6	viral	141	18.22430195629361
P0C9G5	viral	104	18.792853911363107
P0C9G8	viral	104	18.63479828433097
P0C9I2	viral	137	17.767332814067768
P0C9J8	viral	169	17.682897558128104
P0C9K0	viral	160	19.676718978127013
P0C9K2	viral	120	18.686175381895318
P0C9K9	viral	160	16.064062356309204
P0C9L1	viral	160	16.539221725367067
P0C9M5	viral	355	16.71661525996392
P0C9M8	viral	386	16.4911013110807
P0C9N5	viral	376	16.828892972494145
P0C9N6	viral	319	17.579292205465496
P0C9R3	viral	352	18.066810586164966
P0C9R5	viral	362	16.603047893400834
P0C9T0	viral	280	16.20659908852674
P0C9U1	viral	525	15.479373417344455
P0C9V3	viral	542	16.138370439994468
P0CA66	viral	165	17.912247476375526
P0CA83	viral	66	18.23962456207179
P0CA93	viral	196	13.511380283562374
P0CAA4	viral	233	17.082192338363566
P0CAA6	viral	233	17.49217612106563
P0CAC1	viral	263	18.515909982610705
P0CAC2	viral	263	18.719998126829953
P0CAD2	viral	312	17.111867427794717
P0CAD7	viral	315	16.84458042916555
P0CAD8	viral	315	16.841118940351873
P0CAE1	viral	317	18.370758054311917
P0CAF4	viral	354	16.794594542662544
P0CAG8	viral	422	17.929855319505105
P0CAH0	viral	423	17.4737440659803
P0CAI7	viral	73	18.51910196792864
P0CAJ0	viral	73	18.575876829848625
P0CAK1	viral	72	15.35974324015537
P0CAL9	viral	68	16.321407794394613
P23628	viral	323	18.093683277945324
P24078	viral	192	17.91356287334994
P26703	viral	119	19.11935622326089
P27947	viral	78	15.772206091255699
P81473	viral	204	18.551861512867298
Q06VD3	viral	228	17.410082025655836
Q07383	viral	84	13.25007496388267
Q07384	viral	421	18.005645001060934
Q0E559	viral	212	18.5532061865695
Q196U5	viral	76	17.75472653109078
Q196U7	viral	807	17.073934874832208
Q196W0	viral	212	13.92953308570377
Q196W3	viral	205	16.8896929022533
Q196Y1	viral	395	17.334373053533255
Q196Y9	viral	221	15.15994178120573
Q196Z4	viral	193	16.817389569954432
Q197A2	viral	150	16.950118421610703
Q197B0	viral	152	16.495442572972753
Q197B4	viral	599	16.574970446467056
Q197C2	viral	546	17.814096834511442
Q197C9	viral	142	19.123422757150895
Q197E3	viral	289	17.703635227030645
Q65128	viral	524	15.970059907959032
Q65129	viral	278	16.564051322238825
Q65157	viral	105	18.064682824595433
Q65174	viral	175	18.842303649379573
Q65211	viral	148	16.29519354301124
Q65248	viral	111	17.56703713178163
Q91F59	viral	503	15.737243218534958
Q91FB0	viral	242	18.226009626081183
Q91FQ5	viral	710	16.586580891525404
Q91FR3	viral	299	16.528625644266683
Q91FS3	viral	54	15.649954594480079
Q91FV2	viral	343	13.517792319083675
Q91G76	viral	279	15.11748141436358
Q91GM8	viral	126	19.481815035885138
